2026-06-13T01:00:00.000Z	AK-47 | Blue Laminate (Field-Tested)	14042	14042	38
2026-06-13T01:00:00.000Z	AK-47 | Elite Build (Field-Tested)	1340	1340	473
2026-06-13T01:00:00.000Z	AK-47 | Emerald Pinstripe (Field-Tested)	1713	1713	117
2026-06-13T01:00:00.000Z	AK-47 | Frontside Misty (Field-Tested)	11735	11735	108
2026-06-13T01:00:00.000Z	AK-47 | Phantom Disruptor (Field-Tested)	3622	3622	354
2026-06-13T01:00:00.000Z	AK-47 | Point Disarray (Field-Tested)	9035	9035	114
2026-06-13T01:00:00.000Z	AK-47 | Redline (Field-Tested)	21655	21655	83
2026-06-13T01:00:00.000Z	AK-47 | Slate (Field-Tested)	3022	3022	713
2026-06-13T01:00:00.000Z	AWP | Atheris (Field-Tested)	3181	3181	455
2026-06-13T01:00:00.000Z	AWP | Duality (Field-Tested)	2270	2270	640
2026-06-13T01:00:00.000Z	AWP | Fever Dream (Field-Tested)	8444	8444	48
2026-06-13T01:00:00.000Z	AWP | Mortis (Field-Tested)	2439	2439	315
2026-06-13T01:00:00.000Z	Desert Eagle | Kumicho Dragon (Field-Tested)	13602	13602	46
2026-06-13T01:00:00.000Z	Desert Eagle | Mecha Industries (Field-Tested)	3930	3930	251
2026-06-13T01:00:00.000Z	Glock-18 | Vogue (Field-Tested)	2457	2457	394
2026-06-13T01:00:00.000Z	Glock-18 | Water Elemental (Field-Tested)	11759	11759	57
2026-06-13T01:00:00.000Z	M4A1-S | Basilisk (Field-Tested)	5400	5400	59
2026-06-13T01:00:00.000Z	M4A1-S | Decimator (Field-Tested)	8416	8416	87
2026-06-13T01:00:00.000Z	M4A1-S | Nightmare (Field-Tested)	6917	6917	117
2026-06-13T01:00:00.000Z	M4A4 | Desolate Space (Field-Tested)	9743	9743	138
2026-06-13T01:00:00.000Z	M4A4 | Evil Daimyo (Field-Tested)	2276	2276	142
2026-06-13T01:00:00.000Z	P250 | Asiimov (Field-Tested)	7951	7951	37
2026-06-13T01:00:00.000Z	SG 553 | Cyrex (Field-Tested)	2996	2996	29
2026-06-13T01:00:00.000Z	Tec-9 | Fuel Injector (Field-Tested)	7331	7331	30
2026-06-13T01:00:00.000Z	USP-S | Cortex (Field-Tested)	2494	2494	313
2026-06-14T01:00:00.000Z	SG 553 | Cyrex (Field-Tested)	3159	3159	22
2026-06-14T22:00:00.000Z	AK-47 | Point Disarray (Field-Tested)	9113	9113	3
2026-06-14T22:00:00.000Z	Desert Eagle | Kumicho Dragon (Field-Tested)	14589	14589	1
2026-06-14T23:00:00.000Z	AK-47 | Blue Laminate (Field-Tested)	9816	9816	1
2026-06-14T23:00:00.000Z	AK-47 | Elite Build (Field-Tested)	1391	1391	18
2026-06-14T23:00:00.000Z	AK-47 | Emerald Pinstripe (Field-Tested)	1661	1661	5
2026-06-14T23:00:00.000Z	AK-47 | Frontside Misty (Field-Tested)	11155	11155	9
2026-06-14T23:00:00.000Z	AK-47 | Phantom Disruptor (Field-Tested)	3467	3467	16
2026-06-14T23:00:00.000Z	AK-47 | Redline (Field-Tested)	16140	16140	2
2026-06-14T23:00:00.000Z	AK-47 | Slate (Field-Tested)	2968	2968	33
2026-06-14T23:00:00.000Z	AWP | Atheris (Field-Tested)	3231	3231	17
2026-06-14T23:00:00.000Z	AWP | Duality (Field-Tested)	2213	2213	26
2026-06-14T23:00:00.000Z	AWP | Fever Dream (Field-Tested)	8175	8175	1
2026-06-14T23:00:00.000Z	AWP | Mortis (Field-Tested)	2365	2365	8
2026-06-14T23:00:00.000Z	Desert Eagle | Mecha Industries (Field-Tested)	3835	3835	6
2026-06-14T23:00:00.000Z	Glock-18 | Vogue (Field-Tested)	2403	2403	11
2026-06-14T23:00:00.000Z	Glock-18 | Water Elemental (Field-Tested)	11967	11967	1
2026-06-14T23:00:00.000Z	M4A1-S | Basilisk (Field-Tested)	5162	5162	3
2026-06-14T23:00:00.000Z	M4A1-S | Decimator (Field-Tested)	8244	8244	4
2026-06-14T23:00:00.000Z	M4A1-S | Nightmare (Field-Tested)	6786	6786	3
2026-06-14T23:00:00.000Z	M4A4 | Desolate Space (Field-Tested)	10058	10058	7
2026-06-14T23:00:00.000Z	M4A4 | Evil Daimyo (Field-Tested)	2595	2595	11
2026-06-14T23:00:00.000Z	P250 | Asiimov (Field-Tested)	7123	7123	1
2026-06-14T23:00:00.000Z	Tec-9 | Fuel Injector (Field-Tested)	6592	6592	1
2026-06-14T23:00:00.000Z	USP-S | Cortex (Field-Tested)	2558	2558	4
2026-06-15T21:00:00.000Z	Desert Eagle | Kumicho Dragon (Field-Tested)	12874	12874	2
2026-06-15T22:00:00.000Z	M4A1-S | Basilisk (Field-Tested)	5206	5206	6
2026-06-15T23:00:00.000Z	AK-47 | Blue Laminate (Field-Tested)	9501	9501	1
2026-06-15T23:00:00.000Z	AK-47 | Elite Build (Field-Tested)	1347	1347	12
2026-06-15T23:00:00.000Z	AK-47 | Emerald Pinstripe (Field-Tested)	1895	1895	5
2026-06-15T23:00:00.000Z	AK-47 | Frontside Misty (Field-Tested)	11301	11301	5
2026-06-15T23:00:00.000Z	AK-47 | Phantom Disruptor (Field-Tested)	3676	3676	15
2026-06-15T23:00:00.000Z	AK-47 | Point Disarray (Field-Tested)	9204	9204	6
2026-06-15T23:00:00.000Z	AK-47 | Redline (Field-Tested)	20962	20962	7
2026-06-15T23:00:00.000Z	AK-47 | Slate (Field-Tested)	2971	2971	29
2026-06-15T23:00:00.000Z	AWP | Atheris (Field-Tested)	3191	3191	16
2026-06-15T23:00:00.000Z	AWP | Duality (Field-Tested)	2213	2213	33
2026-06-15T23:00:00.000Z	AWP | Fever Dream (Field-Tested)	8572	8572	1
2026-06-15T23:00:00.000Z	AWP | Mortis (Field-Tested)	2452	2452	7
2026-06-15T23:00:00.000Z	Desert Eagle | Mecha Industries (Field-Tested)	3811	3811	5
2026-06-15T23:00:00.000Z	Glock-18 | Vogue (Field-Tested)	2317	2317	10
2026-06-15T23:00:00.000Z	Glock-18 | Water Elemental (Field-Tested)	11635	11635	3
2026-06-15T23:00:00.000Z	M4A1-S | Decimator (Field-Tested)	9018	9018	2
2026-06-15T23:00:00.000Z	M4A1-S | Nightmare (Field-Tested)	6976	6976	7
2026-06-15T23:00:00.000Z	M4A4 | Desolate Space (Field-Tested)	9821	9821	8
2026-06-15T23:00:00.000Z	M4A4 | Evil Daimyo (Field-Tested)	2260	2260	6
2026-06-15T23:00:00.000Z	P250 | Asiimov (Field-Tested)	7503	7503	3
2026-06-15T23:00:00.000Z	SG 553 | Cyrex (Field-Tested)	2731	2731	1
2026-06-15T23:00:00.000Z	Tec-9 | Fuel Injector (Field-Tested)	7446	7446	1
2026-06-15T23:00:00.000Z	USP-S | Cortex (Field-Tested)	2619	2619	13
2026-06-16T22:00:00.000Z	Glock-18 | Water Elemental (Field-Tested)	11948	11948	5
2026-06-16T23:00:00.000Z	AK-47 | Blue Laminate (Field-Tested)	10144	10144	1
2026-06-16T23:00:00.000Z	AK-47 | Elite Build (Field-Tested)	1285	1285	18
2026-06-16T23:00:00.000Z	AK-47 | Emerald Pinstripe (Field-Tested)	1603	1603	2
2026-06-16T23:00:00.000Z	AK-47 | Frontside Misty (Field-Tested)	11380	11380	10
2026-06-16T23:00:00.000Z	AK-47 | Phantom Disruptor (Field-Tested)	3514	3514	9
2026-06-16T23:00:00.000Z	AK-47 | Point Disarray (Field-Tested)	8781	8781	9
2026-06-16T23:00:00.000Z	AK-47 | Redline (Field-Tested)	20411	20411	5
2026-06-16T23:00:00.000Z	AK-47 | Slate (Field-Tested)	3128	3128	18
2026-06-16T23:00:00.000Z	AWP | Atheris (Field-Tested)	3111	3111	15
2026-06-16T23:00:00.000Z	AWP | Duality (Field-Tested)	2191	2191	23
2026-06-16T23:00:00.000Z	AWP | Fever Dream (Field-Tested)	7821	7821	1
2026-06-16T23:00:00.000Z	AWP | Mortis (Field-Tested)	2540	2540	11
2026-06-16T23:00:00.000Z	Desert Eagle | Kumicho Dragon (Field-Tested)	12420	12420	2
2026-06-16T23:00:00.000Z	Desert Eagle | Mecha Industries (Field-Tested)	3676	3676	9
2026-06-16T23:00:00.000Z	Glock-18 | Vogue (Field-Tested)	2422	2422	7
2026-06-16T23:00:00.000Z	M4A1-S | Basilisk (Field-Tested)	5077	5077	1
2026-06-16T23:00:00.000Z	M4A1-S | Decimator (Field-Tested)	8738	8738	5
2026-06-16T23:00:00.000Z	M4A1-S | Nightmare (Field-Tested)	8256	8256	3
2026-06-16T23:00:00.000Z	M4A4 | Desolate Space (Field-Tested)	9512	9512	3
2026-06-16T23:00:00.000Z	M4A4 | Evil Daimyo (Field-Tested)	2184	2184	3
2026-06-16T23:00:00.000Z	P250 | Asiimov (Field-Tested)	7306	7306	2
2026-06-16T23:00:00.000Z	SG 553 | Cyrex (Field-Tested)	2909	2909	1
2026-06-16T23:00:00.000Z	Tec-9 | Fuel Injector (Field-Tested)	7394	7394	3
2026-06-16T23:00:00.000Z	USP-S | Cortex (Field-Tested)	2440	2440	10
2026-06-17T22:00:00.000Z	M4A1-S | Basilisk (Field-Tested)	5470	5470	2
2026-06-17T22:00:00.000Z	SG 553 | Cyrex (Field-Tested)	3574	3574	1
2026-06-17T23:00:00.000Z	AK-47 | Blue Laminate (Field-Tested)	9495	9495	2
2026-06-17T23:00:00.000Z	AK-47 | Elite Build (Field-Tested)	1303	1303	18
2026-06-17T23:00:00.000Z	AK-47 | Emerald Pinstripe (Field-Tested)	1881	1881	3
2026-06-17T23:00:00.000Z	AK-47 | Frontside Misty (Field-Tested)	12051	12051	5
2026-06-17T23:00:00.000Z	AK-47 | Phantom Disruptor (Field-Tested)	3419	3419	11
2026-06-17T23:00:00.000Z	AK-47 | Point Disarray (Field-Tested)	8185	8185	1
2026-06-17T23:00:00.000Z	AK-47 | Redline (Field-Tested)	20583	20583	2
2026-06-17T23:00:00.000Z	AK-47 | Slate (Field-Tested)	2911	2911	23
2026-06-17T23:00:00.000Z	AWP | Atheris (Field-Tested)	3048	3048	18
2026-06-17T23:00:00.000Z	AWP | Duality (Field-Tested)	2190	2190	19
2026-06-17T23:00:00.000Z	AWP | Fever Dream (Field-Tested)	8204	8204	4
2026-06-17T23:00:00.000Z	AWP | Mortis (Field-Tested)	2218	2218	7
2026-06-17T23:00:00.000Z	Desert Eagle | Kumicho Dragon (Field-Tested)	13192	13192	1
2026-06-17T23:00:00.000Z	Desert Eagle | Mecha Industries (Field-Tested)	4027	4027	15
2026-06-17T23:00:00.000Z	Glock-18 | Vogue (Field-Tested)	2667	2667	17
2026-06-17T23:00:00.000Z	Glock-18 | Water Elemental (Field-Tested)	11459	11459	2
2026-06-17T23:00:00.000Z	M4A1-S | Decimator (Field-Tested)	7603	7603	4
2026-06-17T23:00:00.000Z	M4A1-S | Nightmare (Field-Tested)	6552	6552	5
2026-06-17T23:00:00.000Z	M4A4 | Desolate Space (Field-Tested)	9719	9719	6
2026-06-17T23:00:00.000Z	M4A4 | Evil Daimyo (Field-Tested)	2213	2213	4
2026-06-17T23:00:00.000Z	P250 | Asiimov (Field-Tested)	7318	7318	1
2026-06-17T23:00:00.000Z	Tec-9 | Fuel Injector (Field-Tested)	7323	7323	2
2026-06-17T23:00:00.000Z	USP-S | Cortex (Field-Tested)	2454	2454	13
2026-06-18T22:00:00.000Z	Glock-18 | Water Elemental (Field-Tested)	11049	11049	2
2026-06-18T22:00:00.000Z	SG 553 | Cyrex (Field-Tested)	3085	3085	1
2026-06-18T22:00:00.000Z	Tec-9 | Fuel Injector (Field-Tested)	7271	7271	5
2026-06-18T23:00:00.000Z	AK-47 | Blue Laminate (Field-Tested)	10255	10255	2
2026-06-18T23:00:00.000Z	AK-47 | Elite Build (Field-Tested)	1351	1351	20
2026-06-18T23:00:00.000Z	AK-47 | Emerald Pinstripe (Field-Tested)	1660	1660	4
2026-06-18T23:00:00.000Z	AK-47 | Frontside Misty (Field-Tested)	12215	12215	4
2026-06-18T23:00:00.000Z	AK-47 | Phantom Disruptor (Field-Tested)	3317	3317	10
2026-06-18T23:00:00.000Z	AK-47 | Point Disarray (Field-Tested)	8562	8562	5
2026-06-18T23:00:00.000Z	AK-47 | Redline (Field-Tested)	20044	20044	4
2026-06-18T23:00:00.000Z	AK-47 | Slate (Field-Tested)	2849	2849	24
2026-06-18T23:00:00.000Z	AWP | Atheris (Field-Tested)	3025	3025	22
2026-06-18T23:00:00.000Z	AWP | Duality (Field-Tested)	2112	2112	24
2026-06-18T23:00:00.000Z	AWP | Fever Dream (Field-Tested)	8195	8195	3
2026-06-18T23:00:00.000Z	AWP | Mortis (Field-Tested)	2313	2313	9
2026-06-18T23:00:00.000Z	Desert Eagle | Kumicho Dragon (Field-Tested)	15001	15001	1
2026-06-18T23:00:00.000Z	Desert Eagle | Mecha Industries (Field-Tested)	3628	3628	7
2026-06-18T23:00:00.000Z	Glock-18 | Vogue (Field-Tested)	2527	2527	21
2026-06-18T23:00:00.000Z	M4A1-S | Basilisk (Field-Tested)	5760	5760	1
2026-06-18T23:00:00.000Z	M4A1-S | Decimator (Field-Tested)	8358	8358	4
2026-06-18T23:00:00.000Z	M4A1-S | Nightmare (Field-Tested)	6513	6513	4
2026-06-18T23:00:00.000Z	M4A4 | Desolate Space (Field-Tested)	9064	9064	8
2026-06-18T23:00:00.000Z	M4A4 | Evil Daimyo (Field-Tested)	2155	2155	6
2026-06-18T23:00:00.000Z	P250 | Asiimov (Field-Tested)	6827	6827	2
2026-06-18T23:00:00.000Z	USP-S | Cortex (Field-Tested)	2420	2420	10
2026-06-19T22:00:00.000Z	P250 | Asiimov (Field-Tested)	7323	7323	1
2026-06-19T23:00:00.000Z	AK-47 | Blue Laminate (Field-Tested)	9531	9531	3
2026-06-19T23:00:00.000Z	AK-47 | Elite Build (Field-Tested)	1239	1239	20
2026-06-19T23:00:00.000Z	AK-47 | Emerald Pinstripe (Field-Tested)	1752	1752	6
2026-06-19T23:00:00.000Z	AK-47 | Frontside Misty (Field-Tested)	11166	11166	7
2026-06-19T23:00:00.000Z	AK-47 | Phantom Disruptor (Field-Tested)	3562	3562	15
2026-06-19T23:00:00.000Z	AK-47 | Point Disarray (Field-Tested)	8757	8757	5
2026-06-19T23:00:00.000Z	AK-47 | Redline (Field-Tested)	22459	22459	4
2026-06-19T23:00:00.000Z	AK-47 | Slate (Field-Tested)	2793	2793	29
2026-06-19T23:00:00.000Z	AWP | Atheris (Field-Tested)	3130	3130	20
2026-06-19T23:00:00.000Z	AWP | Duality (Field-Tested)	2137	2137	24
2026-06-19T23:00:00.000Z	AWP | Fever Dream (Field-Tested)	8099	8099	2
2026-06-19T23:00:00.000Z	AWP | Mortis (Field-Tested)	2261	2261	11
2026-06-19T23:00:00.000Z	Desert Eagle | Kumicho Dragon (Field-Tested)	12966	12966	1
2026-06-19T23:00:00.000Z	Desert Eagle | Mecha Industries (Field-Tested)	3641	3641	12
2026-06-19T23:00:00.000Z	Glock-18 | Vogue (Field-Tested)	2351	2351	13
2026-06-19T23:00:00.000Z	Glock-18 | Water Elemental (Field-Tested)	11507	11507	1
2026-06-19T23:00:00.000Z	M4A1-S | Basilisk (Field-Tested)	5456	5456	2
2026-06-19T23:00:00.000Z	M4A1-S | Decimator (Field-Tested)	8763	8763	8
2026-06-19T23:00:00.000Z	M4A1-S | Nightmare (Field-Tested)	8933	8933	3
2026-06-19T23:00:00.000Z	M4A4 | Desolate Space (Field-Tested)	9457	9457	10
2026-06-19T23:00:00.000Z	M4A4 | Evil Daimyo (Field-Tested)	2161	2161	7
2026-06-19T23:00:00.000Z	SG 553 | Cyrex (Field-Tested)	2895	2895	1
2026-06-19T23:00:00.000Z	Tec-9 | Fuel Injector (Field-Tested)	7100	7100	1
2026-06-19T23:00:00.000Z	USP-S | Cortex (Field-Tested)	2364	2364	12
2026-06-20T22:00:00.000Z	AK-47 | Blue Laminate (Field-Tested)	12463	12463	3
2026-06-20T22:00:00.000Z	P250 | Asiimov (Field-Tested)	7261	7261	1
2026-06-20T23:00:00.000Z	AK-47 | Elite Build (Field-Tested)	1273	1273	14
2026-06-20T23:00:00.000Z	AK-47 | Emerald Pinstripe (Field-Tested)	1761	1761	3
2026-06-20T23:00:00.000Z	AK-47 | Frontside Misty (Field-Tested)	10898	10898	4
2026-06-20T23:00:00.000Z	AK-47 | Phantom Disruptor (Field-Tested)	3376	3376	20
2026-06-20T23:00:00.000Z	AK-47 | Point Disarray (Field-Tested)	8902	8902	3
2026-06-20T23:00:00.000Z	AK-47 | Redline (Field-Tested)	22455	22455	4
2026-06-20T23:00:00.000Z	AK-47 | Slate (Field-Tested)	2928	2928	26
2026-06-20T23:00:00.000Z	AWP | Atheris (Field-Tested)	3056	3056	22
2026-06-20T23:00:00.000Z	AWP | Duality (Field-Tested)	2118	2118	32
2026-06-20T23:00:00.000Z	AWP | Fever Dream (Field-Tested)	8160	8160	3
2026-06-20T23:00:00.000Z	AWP | Mortis (Field-Tested)	2291	2291	13
2026-06-20T23:00:00.000Z	Desert Eagle | Kumicho Dragon (Field-Tested)	12352	12352	2
2026-06-20T23:00:00.000Z	Desert Eagle | Mecha Industries (Field-Tested)	3717	3717	13
2026-06-20T23:00:00.000Z	Glock-18 | Vogue (Field-Tested)	2375	2375	16
2026-06-20T23:00:00.000Z	Glock-18 | Water Elemental (Field-Tested)	11644	11644	3
2026-06-20T23:00:00.000Z	M4A1-S | Basilisk (Field-Tested)	5441	5441	3
2026-06-20T23:00:00.000Z	M4A1-S | Decimator (Field-Tested)	8092	8092	4
2026-06-20T23:00:00.000Z	M4A1-S | Nightmare (Field-Tested)	6746	6746	4
2026-06-20T23:00:00.000Z	M4A4 | Desolate Space (Field-Tested)	9268	9268	6
2026-06-20T23:00:00.000Z	M4A4 | Evil Daimyo (Field-Tested)	2324	2324	8
2026-06-20T23:00:00.000Z	SG 553 | Cyrex (Field-Tested)	2740	2740	1
2026-06-20T23:00:00.000Z	Tec-9 | Fuel Injector (Field-Tested)	7418	7418	4
2026-06-20T23:00:00.000Z	USP-S | Cortex (Field-Tested)	2397	2397	13
2026-06-21T19:00:00.000Z	SG 553 | Cyrex (Field-Tested)	2960	2960	1
2026-06-21T23:00:00.000Z	AK-47 | Blue Laminate (Field-Tested)	9526	9526	3
2026-06-21T23:00:00.000Z	AK-47 | Elite Build (Field-Tested)	1225	1225	21
2026-06-21T23:00:00.000Z	AK-47 | Emerald Pinstripe (Field-Tested)	1710	1710	3
2026-06-21T23:00:00.000Z	AK-47 | Frontside Misty (Field-Tested)	12419	12419	4
2026-06-21T23:00:00.000Z	AK-47 | Phantom Disruptor (Field-Tested)	3634	3634	14
2026-06-21T23:00:00.000Z	AK-47 | Point Disarray (Field-Tested)	8985	8985	7
2026-06-21T23:00:00.000Z	AK-47 | Redline (Field-Tested)	20116	20116	3
2026-06-21T23:00:00.000Z	AK-47 | Slate (Field-Tested)	2902	2902	37
2026-06-21T23:00:00.000Z	AWP | Atheris (Field-Tested)	2980	2980	14
2026-06-21T23:00:00.000Z	AWP | Duality (Field-Tested)	2177	2177	23
2026-06-21T23:00:00.000Z	AWP | Fever Dream (Field-Tested)	8563	8563	5
2026-06-21T23:00:00.000Z	AWP | Mortis (Field-Tested)	2455	2455	12
2026-06-21T23:00:00.000Z	Desert Eagle | Kumicho Dragon (Field-Tested)	13423	13423	2
2026-06-21T23:00:00.000Z	Desert Eagle | Mecha Industries (Field-Tested)	3701	3701	6
2026-06-21T23:00:00.000Z	Glock-18 | Vogue (Field-Tested)	2450	2450	11
2026-06-21T23:00:00.000Z	Glock-18 | Water Elemental (Field-Tested)	11625	11625	2
2026-06-21T23:00:00.000Z	M4A1-S | Basilisk (Field-Tested)	5434	5434	2
2026-06-21T23:00:00.000Z	M4A1-S | Decimator (Field-Tested)	8658	8658	5
2026-06-21T23:00:00.000Z	M4A1-S | Nightmare (Field-Tested)	6173	6173	4
2026-06-21T23:00:00.000Z	M4A4 | Desolate Space (Field-Tested)	9417	9417	7
2026-06-21T23:00:00.000Z	M4A4 | Evil Daimyo (Field-Tested)	2270	2270	7
2026-06-21T23:00:00.000Z	P250 | Asiimov (Field-Tested)	7275	7275	1
2026-06-21T23:00:00.000Z	Tec-9 | Fuel Injector (Field-Tested)	7302	7302	2
2026-06-21T23:00:00.000Z	USP-S | Cortex (Field-Tested)	2189	2189	11
2026-06-22T22:00:00.000Z	SG 553 | Cyrex (Field-Tested)	2875	2875	1
2026-06-22T23:00:00.000Z	AK-47 | Blue Laminate (Field-Tested)	9772	9772	4
2026-06-22T23:00:00.000Z	AK-47 | Elite Build (Field-Tested)	1377	1377	21
2026-06-22T23:00:00.000Z	AK-47 | Emerald Pinstripe (Field-Tested)	1684	1684	6
2026-06-22T23:00:00.000Z	AK-47 | Frontside Misty (Field-Tested)	11017	11017	3
2026-06-22T23:00:00.000Z	AK-47 | Phantom Disruptor (Field-Tested)	3366	3366	14
2026-06-22T23:00:00.000Z	AK-47 | Point Disarray (Field-Tested)	8748	8748	5
2026-06-22T23:00:00.000Z	AK-47 | Redline (Field-Tested)	22227	22227	6
2026-06-22T23:00:00.000Z	AK-47 | Slate (Field-Tested)	2992	2992	40
2026-06-22T23:00:00.000Z	AWP | Atheris (Field-Tested)	3068	3068	22
2026-06-22T23:00:00.000Z	AWP | Duality (Field-Tested)	2147	2147	34
2026-06-22T23:00:00.000Z	AWP | Fever Dream (Field-Tested)	7508	7508	3
2026-06-22T23:00:00.000Z	AWP | Mortis (Field-Tested)	2258	2258	17
2026-06-22T23:00:00.000Z	Desert Eagle | Kumicho Dragon (Field-Tested)	12423	12423	1
2026-06-22T23:00:00.000Z	Desert Eagle | Mecha Industries (Field-Tested)	4094	4094	2
2026-06-22T23:00:00.000Z	Glock-18 | Vogue (Field-Tested)	2341	2341	17
2026-06-22T23:00:00.000Z	Glock-18 | Water Elemental (Field-Tested)	11269	11269	1
2026-06-22T23:00:00.000Z	M4A1-S | Basilisk (Field-Tested)	5092	5092	18
2026-06-22T23:00:00.000Z	M4A1-S | Decimator (Field-Tested)	8543	8543	2
2026-06-22T23:00:00.000Z	M4A1-S | Nightmare (Field-Tested)	6219	6219	4
2026-06-22T23:00:00.000Z	M4A4 | Desolate Space (Field-Tested)	10206	10206	8
2026-06-22T23:00:00.000Z	M4A4 | Evil Daimyo (Field-Tested)	2112	2112	3
2026-06-22T23:00:00.000Z	P250 | Asiimov (Field-Tested)	7123	7123	1
2026-06-22T23:00:00.000Z	Tec-9 | Fuel Injector (Field-Tested)	7100	7100	1
2026-06-22T23:00:00.000Z	USP-S | Cortex (Field-Tested)	2323	2323	14
2026-06-23T20:00:00.000Z	SG 553 | Cyrex (Field-Tested)	2581	2581	2
2026-06-23T22:00:00.000Z	M4A4 | Desolate Space (Field-Tested)	9049	9049	4
2026-06-23T23:00:00.000Z	AK-47 | Blue Laminate (Field-Tested)	10448	10448	3
2026-06-23T23:00:00.000Z	AK-47 | Elite Build (Field-Tested)	1391	1391	5
2026-06-23T23:00:00.000Z	AK-47 | Emerald Pinstripe (Field-Tested)	1758	1758	1
2026-06-23T23:00:00.000Z	AK-47 | Frontside Misty (Field-Tested)	11011	11011	5
2026-06-23T23:00:00.000Z	AK-47 | Phantom Disruptor (Field-Tested)	3474	3474	14
2026-06-23T23:00:00.000Z	AK-47 | Point Disarray (Field-Tested)	8425	8425	3
2026-06-23T23:00:00.000Z	AK-47 | Redline (Field-Tested)	24503	24503	1
2026-06-23T23:00:00.000Z	AK-47 | Slate (Field-Tested)	2807	2807	27
2026-06-23T23:00:00.000Z	AWP | Atheris (Field-Tested)	3061	3061	12
2026-06-23T23:00:00.000Z	AWP | Duality (Field-Tested)	2185	2185	10
2026-06-23T23:00:00.000Z	AWP | Fever Dream (Field-Tested)	8738	8738	1
2026-06-23T23:00:00.000Z	AWP | Mortis (Field-Tested)	2186	2186	6
2026-06-23T23:00:00.000Z	Desert Eagle | Kumicho Dragon (Field-Tested)	12644	12644	1
2026-06-23T23:00:00.000Z	Desert Eagle | Mecha Industries (Field-Tested)	3661	3661	8
2026-06-23T23:00:00.000Z	Glock-18 | Vogue (Field-Tested)	2349	2349	12
2026-06-23T23:00:00.000Z	Glock-18 | Water Elemental (Field-Tested)	11868	11868	1
2026-06-23T23:00:00.000Z	M4A1-S | Basilisk (Field-Tested)	5526	5526	2
2026-06-23T23:00:00.000Z	M4A1-S | Decimator (Field-Tested)	7940	7940	2
2026-06-23T23:00:00.000Z	M4A1-S | Nightmare (Field-Tested)	6288	6288	5
2026-06-23T23:00:00.000Z	M4A4 | Evil Daimyo (Field-Tested)	2417	2417	5
2026-06-23T23:00:00.000Z	P250 | Asiimov (Field-Tested)	7119	7119	1
2026-06-23T23:00:00.000Z	Tec-9 | Fuel Injector (Field-Tested)	7171	7171	1
2026-06-23T23:00:00.000Z	USP-S | Cortex (Field-Tested)	2498	2498	7
2026-06-24T22:00:00.000Z	AK-47 | Blue Laminate (Field-Tested)	9868	9868	1
2026-06-24T22:00:00.000Z	Tec-9 | Fuel Injector (Field-Tested)	7328	7328	1
2026-06-24T23:00:00.000Z	AK-47 | Elite Build (Field-Tested)	1280	1280	16
2026-06-24T23:00:00.000Z	AK-47 | Emerald Pinstripe (Field-Tested)	1572	1572	5
2026-06-24T23:00:00.000Z	AK-47 | Frontside Misty (Field-Tested)	11751	11751	3
2026-06-24T23:00:00.000Z	AK-47 | Phantom Disruptor (Field-Tested)	3469	3469	20
2026-06-24T23:00:00.000Z	AK-47 | Point Disarray (Field-Tested)	8842	8842	10
2026-06-24T23:00:00.000Z	AK-47 | Redline (Field-Tested)	21767	21767	5
2026-06-24T23:00:00.000Z	AK-47 | Slate (Field-Tested)	2959	2959	33
2026-06-24T23:00:00.000Z	AWP | Atheris (Field-Tested)	3130	3130	17
2026-06-24T23:00:00.000Z	AWP | Duality (Field-Tested)	2251	2251	24
2026-06-24T23:00:00.000Z	AWP | Fever Dream (Field-Tested)	8263	8263	3
2026-06-24T23:00:00.000Z	AWP | Mortis (Field-Tested)	2204	2204	11
2026-06-24T23:00:00.000Z	Desert Eagle | Kumicho Dragon (Field-Tested)	12665	12665	3
2026-06-24T23:00:00.000Z	Desert Eagle | Mecha Industries (Field-Tested)	3679	3679	11
2026-06-24T23:00:00.000Z	Glock-18 | Vogue (Field-Tested)	2299	2299	13
2026-06-24T23:00:00.000Z	Glock-18 | Water Elemental (Field-Tested)	11673	11673	1
2026-06-24T23:00:00.000Z	M4A1-S | Basilisk (Field-Tested)	5183	5183	3
2026-06-24T23:00:00.000Z	M4A1-S | Decimator (Field-Tested)	8808	8808	2
2026-06-24T23:00:00.000Z	M4A1-S | Nightmare (Field-Tested)	6439	6439	8
2026-06-24T23:00:00.000Z	M4A4 | Desolate Space (Field-Tested)	8732	8732	2
2026-06-24T23:00:00.000Z	M4A4 | Evil Daimyo (Field-Tested)	1943	1943	3
2026-06-24T23:00:00.000Z	P250 | Asiimov (Field-Tested)	7076	7076	1
2026-06-24T23:00:00.000Z	SG 553 | Cyrex (Field-Tested)	2610	2610	2
2026-06-24T23:00:00.000Z	USP-S | Cortex (Field-Tested)	2344	2344	13
2026-06-25T21:00:00.000Z	SG 553 | Cyrex (Field-Tested)	2787	2787	1
2026-06-25T22:00:00.000Z	Glock-18 | Water Elemental (Field-Tested)	11587	11587	5
2026-06-25T23:00:00.000Z	AK-47 | Blue Laminate (Field-Tested)	10041	10041	1
2026-06-25T23:00:00.000Z	AK-47 | Elite Build (Field-Tested)	1236	1236	35
2026-06-25T23:00:00.000Z	AK-47 | Emerald Pinstripe (Field-Tested)	1534	1534	9
2026-06-25T23:00:00.000Z	AK-47 | Frontside Misty (Field-Tested)	10803	10803	5
2026-06-25T23:00:00.000Z	AK-47 | Phantom Disruptor (Field-Tested)	3395	3395	17
2026-06-25T23:00:00.000Z	AK-47 | Point Disarray (Field-Tested)	8752	8752	5
2026-06-25T23:00:00.000Z	AK-47 | Redline (Field-Tested)	20632	20632	2
2026-06-25T23:00:00.000Z	AK-47 | Slate (Field-Tested)	2802	2802	47
2026-06-25T23:00:00.000Z	AWP | Atheris (Field-Tested)	3002	3002	26
2026-06-25T23:00:00.000Z	AWP | Duality (Field-Tested)	2142	2142	29
2026-06-25T23:00:00.000Z	AWP | Fever Dream (Field-Tested)	8209	8209	1
2026-06-25T23:00:00.000Z	AWP | Mortis (Field-Tested)	2217	2217	18
2026-06-25T23:00:00.000Z	Desert Eagle | Kumicho Dragon (Field-Tested)	12518	12518	3
2026-06-25T23:00:00.000Z	Desert Eagle | Mecha Industries (Field-Tested)	3607	3607	10
2026-06-25T23:00:00.000Z	Glock-18 | Vogue (Field-Tested)	2298	2298	25
2026-06-25T23:00:00.000Z	M4A1-S | Basilisk (Field-Tested)	5111	5111	3
2026-06-25T23:00:00.000Z	M4A1-S | Decimator (Field-Tested)	8316	8316	7
2026-06-25T23:00:00.000Z	M4A1-S | Nightmare (Field-Tested)	6181	6181	12
2026-06-25T23:00:00.000Z	M4A4 | Desolate Space (Field-Tested)	8745	8745	12
2026-06-25T23:00:00.000Z	M4A4 | Evil Daimyo (Field-Tested)	2123	2123	6
2026-06-25T23:00:00.000Z	P250 | Asiimov (Field-Tested)	7351	7351	1
2026-06-25T23:00:00.000Z	Tec-9 | Fuel Injector (Field-Tested)	7057	7057	1
2026-06-25T23:00:00.000Z	USP-S | Cortex (Field-Tested)	2328	2328	20
2026-06-26T22:00:00.000Z	Desert Eagle | Kumicho Dragon (Field-Tested)	12471	12471	1
2026-06-26T22:00:00.000Z	Glock-18 | Water Elemental (Field-Tested)	11557	11557	6
2026-06-26T22:00:00.000Z	SG 553 | Cyrex (Field-Tested)	2644	2644	4
2026-06-26T23:00:00.000Z	AK-47 | Blue Laminate (Field-Tested)	9486	9486	2
2026-06-26T23:00:00.000Z	AK-47 | Elite Build (Field-Tested)	1259	1259	24
2026-06-26T23:00:00.000Z	AK-47 | Emerald Pinstripe (Field-Tested)	1515	1515	8
2026-06-26T23:00:00.000Z	AK-47 | Frontside Misty (Field-Tested)	10622	10622	4
2026-06-26T23:00:00.000Z	AK-47 | Phantom Disruptor (Field-Tested)	3382	3382	13
2026-06-26T23:00:00.000Z	AK-47 | Point Disarray (Field-Tested)	8548	8548	7
2026-06-26T23:00:00.000Z	AK-47 | Redline (Field-Tested)	20515	20515	5
2026-06-26T23:00:00.000Z	AK-47 | Slate (Field-Tested)	2821	2821	36
2026-06-26T23:00:00.000Z	AWP | Atheris (Field-Tested)	2992	2992	23
2026-06-26T23:00:00.000Z	AWP | Duality (Field-Tested)	2189	2189	31
2026-06-26T23:00:00.000Z	AWP | Fever Dream (Field-Tested)	8192	8192	1
2026-06-26T23:00:00.000Z	AWP | Mortis (Field-Tested)	2232	2232	24
2026-06-26T23:00:00.000Z	Desert Eagle | Mecha Industries (Field-Tested)	3685	3685	11
2026-06-26T23:00:00.000Z	Glock-18 | Vogue (Field-Tested)	2326	2326	22
2026-06-26T23:00:00.000Z	M4A1-S | Basilisk (Field-Tested)	5153	5153	4
2026-06-26T23:00:00.000Z	M4A1-S | Decimator (Field-Tested)	8106	8106	9
2026-06-26T23:00:00.000Z	M4A1-S | Nightmare (Field-Tested)	6364	6364	5
2026-06-26T23:00:00.000Z	M4A4 | Desolate Space (Field-Tested)	8703	8703	12
2026-06-26T23:00:00.000Z	M4A4 | Evil Daimyo (Field-Tested)	2293	2293	7
2026-06-26T23:00:00.000Z	P250 | Asiimov (Field-Tested)	7185	7185	5
2026-06-26T23:00:00.000Z	Tec-9 | Fuel Injector (Field-Tested)	6677	6677	1
2026-06-26T23:00:00.000Z	USP-S | Cortex (Field-Tested)	2317	2317	23
2026-06-27T21:00:00.000Z	SG 553 | Cyrex (Field-Tested)	2711	2711	1
2026-06-27T22:00:00.000Z	P250 | Asiimov (Field-Tested)	7285	7285	1
2026-06-27T23:00:00.000Z	AK-47 | Blue Laminate (Field-Tested)	23030	23030	2
2026-06-27T23:00:00.000Z	AK-47 | Elite Build (Field-Tested)	1191	1191	21
2026-06-27T23:00:00.000Z	AK-47 | Emerald Pinstripe (Field-Tested)	1826	1826	2
2026-06-27T23:00:00.000Z	AK-47 | Frontside Misty (Field-Tested)	9973	9973	3
2026-06-27T23:00:00.000Z	AK-47 | Phantom Disruptor (Field-Tested)	3354	3354	14
2026-06-27T23:00:00.000Z	AK-47 | Point Disarray (Field-Tested)	8325	8325	6
2026-06-27T23:00:00.000Z	AK-47 | Redline (Field-Tested)	20536	20536	6
2026-06-27T23:00:00.000Z	AK-47 | Slate (Field-Tested)	2736	2736	29
2026-06-27T23:00:00.000Z	AWP | Atheris (Field-Tested)	2906	2906	20
2026-06-27T23:00:00.000Z	AWP | Duality (Field-Tested)	2028	2028	35
2026-06-27T23:00:00.000Z	AWP | Fever Dream (Field-Tested)	8279	8279	2
2026-06-27T23:00:00.000Z	AWP | Mortis (Field-Tested)	2200	2200	14
2026-06-27T23:00:00.000Z	Desert Eagle | Kumicho Dragon (Field-Tested)	12682	12682	4
2026-06-27T23:00:00.000Z	Desert Eagle | Mecha Industries (Field-Tested)	3547	3547	14
2026-06-27T23:00:00.000Z	Glock-18 | Vogue (Field-Tested)	2562	2562	36
2026-06-27T23:00:00.000Z	Glock-18 | Water Elemental (Field-Tested)	11526	11526	3
2026-06-27T23:00:00.000Z	M4A1-S | Basilisk (Field-Tested)	4682	4682	2
2026-06-27T23:00:00.000Z	M4A1-S | Decimator (Field-Tested)	7981	7981	2
2026-06-27T23:00:00.000Z	M4A1-S | Nightmare (Field-Tested)	5969	5969	6
2026-06-27T23:00:00.000Z	M4A4 | Desolate Space (Field-Tested)	8745	8745	4
2026-06-27T23:00:00.000Z	M4A4 | Evil Daimyo (Field-Tested)	2219	2219	13
2026-06-27T23:00:00.000Z	Tec-9 | Fuel Injector (Field-Tested)	7172	7172	2
2026-06-27T23:00:00.000Z	USP-S | Cortex (Field-Tested)	2246	2246	13
2026-06-28T23:00:00.000Z	AK-47 | Blue Laminate (Field-Tested)	9973	9973	1
2026-06-28T23:00:00.000Z	AK-47 | Elite Build (Field-Tested)	1187	1187	18
2026-06-28T23:00:00.000Z	AK-47 | Emerald Pinstripe (Field-Tested)	1534	1534	3
2026-06-28T23:00:00.000Z	AK-47 | Frontside Misty (Field-Tested)	10704	10704	5
2026-06-28T23:00:00.000Z	AK-47 | Phantom Disruptor (Field-Tested)	3264	3264	13
2026-06-28T23:00:00.000Z	AK-47 | Point Disarray (Field-Tested)	8572	8572	5
2026-06-28T23:00:00.000Z	AK-47 | Redline (Field-Tested)	20706	20706	4
2026-06-28T23:00:00.000Z	AK-47 | Slate (Field-Tested)	2729	2729	39
2026-06-28T23:00:00.000Z	AWP | Atheris (Field-Tested)	2922	2922	17
2026-06-28T23:00:00.000Z	AWP | Duality (Field-Tested)	2161	2161	25
2026-06-28T23:00:00.000Z	AWP | Fever Dream (Field-Tested)	7651	7651	1
2026-06-28T23:00:00.000Z	AWP | Mortis (Field-Tested)	2251	2251	17
2026-06-28T23:00:00.000Z	Desert Eagle | Kumicho Dragon (Field-Tested)	12725	12725	2
2026-06-28T23:00:00.000Z	Desert Eagle | Mecha Industries (Field-Tested)	3577	3577	8
2026-06-28T23:00:00.000Z	Glock-18 | Vogue (Field-Tested)	2279	2279	19
2026-06-28T23:00:00.000Z	Glock-18 | Water Elemental (Field-Tested)	11549	11549	2
2026-06-28T23:00:00.000Z	M4A1-S | Basilisk (Field-Tested)	4915	4915	3
2026-06-28T23:00:00.000Z	M4A1-S | Decimator (Field-Tested)	7863	7863	7
2026-06-28T23:00:00.000Z	M4A1-S | Nightmare (Field-Tested)	6139	6139	8
2026-06-28T23:00:00.000Z	M4A4 | Desolate Space (Field-Tested)	8579	8579	4
2026-06-28T23:00:00.000Z	M4A4 | Evil Daimyo (Field-Tested)	2294	2294	6
2026-06-28T23:00:00.000Z	P250 | Asiimov (Field-Tested)	7009	7009	2
2026-06-28T23:00:00.000Z	SG 553 | Cyrex (Field-Tested)	2727	2727	2
2026-06-28T23:00:00.000Z	Tec-9 | Fuel Injector (Field-Tested)	7000	7000	3
2026-06-28T23:00:00.000Z	USP-S | Cortex (Field-Tested)	2277	2277	12
2026-06-29T21:00:00.000Z	Desert Eagle | Kumicho Dragon (Field-Tested)	12407	12407	6
2026-06-29T23:00:00.000Z	AK-47 | Blue Laminate (Field-Tested)	9754	9754	1
2026-06-29T23:00:00.000Z	AK-47 | Elite Build (Field-Tested)	1206	1206	15
2026-06-29T23:00:00.000Z	AK-47 | Emerald Pinstripe (Field-Tested)	1505	1505	4
2026-06-29T23:00:00.000Z	AK-47 | Frontside Misty (Field-Tested)	10870	10870	9
2026-06-29T23:00:00.000Z	AK-47 | Phantom Disruptor (Field-Tested)	3277	3277	9
2026-06-29T23:00:00.000Z	AK-47 | Point Disarray (Field-Tested)	9014	9014	2
2026-06-29T23:00:00.000Z	AK-47 | Redline (Field-Tested)	19525	19525	2
2026-06-29T23:00:00.000Z	AK-47 | Slate (Field-Tested)	2712	2712	25
2026-06-29T23:00:00.000Z	AWP | Atheris (Field-Tested)	2878	2878	21
2026-06-29T23:00:00.000Z	AWP | Duality (Field-Tested)	2138	2138	33
2026-06-29T23:00:00.000Z	AWP | Fever Dream (Field-Tested)	7522	7522	2
2026-06-29T23:00:00.000Z	AWP | Mortis (Field-Tested)	2253	2253	13
2026-06-29T23:00:00.000Z	Desert Eagle | Mecha Industries (Field-Tested)	3572	3572	4
2026-06-29T23:00:00.000Z	Glock-18 | Vogue (Field-Tested)	2555	2555	9
2026-06-29T23:00:00.000Z	Glock-18 | Water Elemental (Field-Tested)	11761	11761	1
2026-06-29T23:00:00.000Z	M4A1-S | Basilisk (Field-Tested)	5004	5004	4
2026-06-29T23:00:00.000Z	M4A1-S | Decimator (Field-Tested)	7646	7646	5
2026-06-29T23:00:00.000Z	M4A1-S | Nightmare (Field-Tested)	6035	6035	7
2026-06-29T23:00:00.000Z	M4A4 | Desolate Space (Field-Tested)	8747	8747	8
2026-06-29T23:00:00.000Z	M4A4 | Evil Daimyo (Field-Tested)	2484	2484	1
2026-06-29T23:00:00.000Z	P250 | Asiimov (Field-Tested)	7043	7043	1
2026-06-29T23:00:00.000Z	SG 553 | Cyrex (Field-Tested)	2797	2797	1
2026-06-29T23:00:00.000Z	Tec-9 | Fuel Injector (Field-Tested)	6746	6746	2
2026-06-29T23:00:00.000Z	USP-S | Cortex (Field-Tested)	2282	2282	11
2026-06-30T20:00:00.000Z	SG 553 | Cyrex (Field-Tested)	2824	2824	1
2026-06-30T22:00:00.000Z	P250 | Asiimov (Field-Tested)	6957	6957	2
2026-06-30T23:00:00.000Z	AK-47 | Blue Laminate (Field-Tested)	9873	9873	1
2026-06-30T23:00:00.000Z	AK-47 | Elite Build (Field-Tested)	1172	1172	24
2026-06-30T23:00:00.000Z	AK-47 | Emerald Pinstripe (Field-Tested)	1444	1444	6
2026-06-30T23:00:00.000Z	AK-47 | Frontside Misty (Field-Tested)	10528	10528	6
2026-06-30T23:00:00.000Z	AK-47 | Phantom Disruptor (Field-Tested)	3348	3348	12
2026-06-30T23:00:00.000Z	AK-47 | Point Disarray (Field-Tested)	7957	7957	2
2026-06-30T23:00:00.000Z	AK-47 | Redline (Field-Tested)	23238	23238	1
2026-06-30T23:00:00.000Z	AK-47 | Slate (Field-Tested)	2868	2868	29
2026-06-30T23:00:00.000Z	AWP | Atheris (Field-Tested)	2868	2868	17
2026-06-30T23:00:00.000Z	AWP | Duality (Field-Tested)	2085	2085	27
2026-06-30T23:00:00.000Z	AWP | Fever Dream (Field-Tested)	7646	7646	3
2026-06-30T23:00:00.000Z	AWP | Mortis (Field-Tested)	2232	2232	12
2026-06-30T23:00:00.000Z	Desert Eagle | Kumicho Dragon (Field-Tested)	12892	12892	1
2026-06-30T23:00:00.000Z	Desert Eagle | Mecha Industries (Field-Tested)	3653	3653	7
2026-06-30T23:00:00.000Z	Glock-18 | Vogue (Field-Tested)	2334	2334	15
2026-06-30T23:00:00.000Z	Glock-18 | Water Elemental (Field-Tested)	10602	10602	2
2026-06-30T23:00:00.000Z	M4A1-S | Basilisk (Field-Tested)	4866	4866	1
2026-06-30T23:00:00.000Z	M4A1-S | Decimator (Field-Tested)	7691	7691	2
2026-06-30T23:00:00.000Z	M4A1-S | Nightmare (Field-Tested)	5924	5924	10
2026-06-30T23:00:00.000Z	M4A4 | Desolate Space (Field-Tested)	8462	8462	10
2026-06-30T23:00:00.000Z	M4A4 | Evil Daimyo (Field-Tested)	2420	2420	8
2026-06-30T23:00:00.000Z	Tec-9 | Fuel Injector (Field-Tested)	6848	6848	1
2026-06-30T23:00:00.000Z	USP-S | Cortex (Field-Tested)	2337	2337	13
2026-07-01T22:00:00.000Z	SG 553 | Cyrex (Field-Tested)	2593	2593	1
2026-07-01T22:00:00.000Z	Tec-9 | Fuel Injector (Field-Tested)	7024	7024	1
2026-07-01T23:00:00.000Z	AK-47 | Blue Laminate (Field-Tested)	9697	9697	3
2026-07-01T23:00:00.000Z	AK-47 | Elite Build (Field-Tested)	1201	1201	25
2026-07-01T23:00:00.000Z	AK-47 | Emerald Pinstripe (Field-Tested)	1482	1482	6
2026-07-01T23:00:00.000Z	AK-47 | Frontside Misty (Field-Tested)	10436	10436	8
2026-07-01T23:00:00.000Z	AK-47 | Phantom Disruptor (Field-Tested)	3385	3385	14
2026-07-01T23:00:00.000Z	AK-47 | Point Disarray (Field-Tested)	8520	8520	7
2026-07-01T23:00:00.000Z	AK-47 | Redline (Field-Tested)	19998	19998	1
2026-07-01T23:00:00.000Z	AK-47 | Slate (Field-Tested)	2770	2770	35
2026-07-01T23:00:00.000Z	AWP | Atheris (Field-Tested)	2849	2849	17
2026-07-01T23:00:00.000Z	AWP | Duality (Field-Tested)	2099	2099	30
2026-07-01T23:00:00.000Z	AWP | Fever Dream (Field-Tested)	8272	8272	2
2026-07-01T23:00:00.000Z	AWP | Mortis (Field-Tested)	2399	2399	10
2026-07-01T23:00:00.000Z	Desert Eagle | Kumicho Dragon (Field-Tested)	11383	11383	3
2026-07-01T23:00:00.000Z	Desert Eagle | Mecha Industries (Field-Tested)	3681	3681	10
2026-07-01T23:00:00.000Z	Glock-18 | Vogue (Field-Tested)	2327	2327	16
2026-07-01T23:00:00.000Z	Glock-18 | Water Elemental (Field-Tested)	11507	11507	2
2026-07-01T23:00:00.000Z	M4A1-S | Basilisk (Field-Tested)	5079	5079	1
2026-07-01T23:00:00.000Z	M4A1-S | Decimator (Field-Tested)	8057	8057	7
2026-07-01T23:00:00.000Z	M4A1-S | Nightmare (Field-Tested)	6010	6010	10
2026-07-01T23:00:00.000Z	M4A4 | Desolate Space (Field-Tested)	9175	9175	1
2026-07-01T23:00:00.000Z	M4A4 | Evil Daimyo (Field-Tested)	2406	2406	14
2026-07-01T23:00:00.000Z	P250 | Asiimov (Field-Tested)	7394	7394	2
2026-07-01T23:00:00.000Z	USP-S | Cortex (Field-Tested)	2449	2449	8
2026-07-02T22:00:00.000Z	Desert Eagle | Kumicho Dragon (Field-Tested)	12894	12894	1
2026-07-02T23:00:00.000Z	AK-47 | Blue Laminate (Field-Tested)	9952	9952	4
2026-07-02T23:00:00.000Z	AK-47 | Elite Build (Field-Tested)	1225	1225	19
2026-07-02T23:00:00.000Z	AK-47 | Emerald Pinstripe (Field-Tested)	1396	1396	4
2026-07-02T23:00:00.000Z	AK-47 | Frontside Misty (Field-Tested)	10571	10571	7
2026-07-02T23:00:00.000Z	AK-47 | Phantom Disruptor (Field-Tested)	3595	3595	10
2026-07-02T23:00:00.000Z	AK-47 | Point Disarray (Field-Tested)	8721	8721	6
2026-07-02T23:00:00.000Z	AK-47 | Redline (Field-Tested)	18926	18926	1
2026-07-02T23:00:00.000Z	AK-47 | Slate (Field-Tested)	2797	2797	23
2026-07-02T23:00:00.000Z	AWP | Atheris (Field-Tested)	2979	2979	21
2026-07-02T23:00:00.000Z	AWP | Duality (Field-Tested)	2076	2076	28
2026-07-02T23:00:00.000Z	AWP | Fever Dream (Field-Tested)	7895	7895	4
2026-07-02T23:00:00.000Z	AWP | Mortis (Field-Tested)	2246	2246	15
2026-07-02T23:00:00.000Z	Desert Eagle | Mecha Industries (Field-Tested)	3549	3549	19
2026-07-02T23:00:00.000Z	Glock-18 | Vogue (Field-Tested)	2433	2433	17
2026-07-02T23:00:00.000Z	Glock-18 | Water Elemental (Field-Tested)	11492	11492	1
2026-07-02T23:00:00.000Z	M4A1-S | Basilisk (Field-Tested)	5148	5148	2
2026-07-02T23:00:00.000Z	M4A1-S | Decimator (Field-Tested)	8600	8600	3
2026-07-02T23:00:00.000Z	M4A1-S | Nightmare (Field-Tested)	6695	6695	7
2026-07-02T23:00:00.000Z	M4A4 | Desolate Space (Field-Tested)	9388	9388	5
2026-07-02T23:00:00.000Z	M4A4 | Evil Daimyo (Field-Tested)	2631	2631	6
2026-07-02T23:00:00.000Z	P250 | Asiimov (Field-Tested)	7566	7566	2
2026-07-02T23:00:00.000Z	SG 553 | Cyrex (Field-Tested)	2607	2607	1
2026-07-02T23:00:00.000Z	Tec-9 | Fuel Injector (Field-Tested)	6940	6940	2
2026-07-02T23:00:00.000Z	USP-S | Cortex (Field-Tested)	2542	2542	20
2026-07-03T23:00:00.000Z	AK-47 | Blue Laminate (Field-Tested)	9229	9229	1
2026-07-03T23:00:00.000Z	AK-47 | Elite Build (Field-Tested)	1190	1190	20
2026-07-03T23:00:00.000Z	AK-47 | Emerald Pinstripe (Field-Tested)	1600	1600	9
2026-07-03T23:00:00.000Z	AK-47 | Frontside Misty (Field-Tested)	10847	10847	9
2026-07-03T23:00:00.000Z	AK-47 | Phantom Disruptor (Field-Tested)	3362	3362	14
2026-07-03T23:00:00.000Z	AK-47 | Point Disarray (Field-Tested)	8577	8577	7
2026-07-03T23:00:00.000Z	AK-47 | Redline (Field-Tested)	21635	21635	4
2026-07-03T23:00:00.000Z	AK-47 | Slate (Field-Tested)	2834	2834	35
2026-07-03T23:00:00.000Z	AWP | Atheris (Field-Tested)	2995	2995	20
2026-07-03T23:00:00.000Z	AWP | Duality (Field-Tested)	2131	2131	33
2026-07-03T23:00:00.000Z	AWP | Fever Dream (Field-Tested)	7839	7839	2
2026-07-03T23:00:00.000Z	AWP | Mortis (Field-Tested)	2322	2322	18
2026-07-03T23:00:00.000Z	Desert Eagle | Kumicho Dragon (Field-Tested)	11293	11293	1
2026-07-03T23:00:00.000Z	Desert Eagle | Mecha Industries (Field-Tested)	3619	3619	12
2026-07-03T23:00:00.000Z	Glock-18 | Vogue (Field-Tested)	2355	2355	21
2026-07-03T23:00:00.000Z	Glock-18 | Water Elemental (Field-Tested)	11967	11967	1
2026-07-03T23:00:00.000Z	M4A1-S | Basilisk (Field-Tested)	5058	5058	6
2026-07-03T23:00:00.000Z	M4A1-S | Decimator (Field-Tested)	9023	9023	3
2026-07-03T23:00:00.000Z	M4A1-S | Nightmare (Field-Tested)	6022	6022	3
2026-07-03T23:00:00.000Z	M4A4 | Desolate Space (Field-Tested)	8741	8741	6
2026-07-03T23:00:00.000Z	M4A4 | Evil Daimyo (Field-Tested)	2408	2408	10
2026-07-03T23:00:00.000Z	P250 | Asiimov (Field-Tested)	7123	7123	1
2026-07-03T23:00:00.000Z	SG 553 | Cyrex (Field-Tested)	2626	2626	4
2026-07-03T23:00:00.000Z	Tec-9 | Fuel Injector (Field-Tested)	7304	7304	2
2026-07-03T23:00:00.000Z	USP-S | Cortex (Field-Tested)	2347	2347	10
2026-07-04T21:00:00.000Z	SG 553 | Cyrex (Field-Tested)	2792	2792	1
2026-07-04T22:00:00.000Z	Desert Eagle | Kumicho Dragon (Field-Tested)	12471	12471	3
2026-07-04T22:00:00.000Z	M4A1-S | Basilisk (Field-Tested)	5179	5179	5
2026-07-04T22:00:00.000Z	Tec-9 | Fuel Injector (Field-Tested)	7209	7209	3
2026-07-04T23:00:00.000Z	AK-47 | Blue Laminate (Field-Tested)	10141	10141	2
2026-07-04T23:00:00.000Z	AK-47 | Elite Build (Field-Tested)	1289	1289	19
2026-07-04T23:00:00.000Z	AK-47 | Emerald Pinstripe (Field-Tested)	1484	1484	4
2026-07-04T23:00:00.000Z	AK-47 | Frontside Misty (Field-Tested)	10862	10862	8
2026-07-04T23:00:00.000Z	AK-47 | Phantom Disruptor (Field-Tested)	3460	3460	19
2026-07-04T23:00:00.000Z	AK-47 | Point Disarray (Field-Tested)	8125	8125	5
2026-07-04T23:00:00.000Z	AK-47 | Redline (Field-Tested)	20964	20964	2
2026-07-04T23:00:00.000Z	AK-47 | Slate (Field-Tested)	2786	2786	30
2026-07-04T23:00:00.000Z	AWP | Atheris (Field-Tested)	2968	2968	15
2026-07-04T23:00:00.000Z	AWP | Duality (Field-Tested)	2148	2148	20
2026-07-04T23:00:00.000Z	AWP | Fever Dream (Field-Tested)	8024	8024	4
2026-07-04T23:00:00.000Z	AWP | Mortis (Field-Tested)	2338	2338	10
2026-07-04T23:00:00.000Z	Desert Eagle | Mecha Industries (Field-Tested)	3563	3563	13
2026-07-04T23:00:00.000Z	Glock-18 | Vogue (Field-Tested)	2367	2367	22
2026-07-04T23:00:00.000Z	Glock-18 | Water Elemental (Field-Tested)	11120	11120	4
2026-07-04T23:00:00.000Z	M4A1-S | Decimator (Field-Tested)	8523	8523	4
2026-07-04T23:00:00.000Z	M4A1-S | Nightmare (Field-Tested)	6235	6235	9
2026-07-04T23:00:00.000Z	M4A4 | Desolate Space (Field-Tested)	8674	8674	4
2026-07-04T23:00:00.000Z	M4A4 | Evil Daimyo (Field-Tested)	2474	2474	9
2026-07-04T23:00:00.000Z	P250 | Asiimov (Field-Tested)	7299	7299	1
2026-07-04T23:00:00.000Z	USP-S | Cortex (Field-Tested)	2366	2366	14
2026-07-05T21:00:00.000Z	SG 553 | Cyrex (Field-Tested)	2531	2531	1
2026-07-05T21:00:00.000Z	Tec-9 | Fuel Injector (Field-Tested)	6280	6280	1
2026-07-05T22:00:00.000Z	P250 | Asiimov (Field-Tested)	7349	7349	4
2026-07-05T23:00:00.000Z	AK-47 | Blue Laminate (Field-Tested)	8591	8591	1
2026-07-05T23:00:00.000Z	AK-47 | Elite Build (Field-Tested)	1202	1202	15
2026-07-05T23:00:00.000Z	AK-47 | Emerald Pinstripe (Field-Tested)	1472	1472	3
2026-07-05T23:00:00.000Z	AK-47 | Frontside Misty (Field-Tested)	10835	10835	7
2026-07-05T23:00:00.000Z	AK-47 | Phantom Disruptor (Field-Tested)	3324	3324	16
2026-07-05T23:00:00.000Z	AK-47 | Point Disarray (Field-Tested)	8713	8713	4
2026-07-05T23:00:00.000Z	AK-47 | Redline (Field-Tested)	19872	19872	2
2026-07-05T23:00:00.000Z	AK-47 | Slate (Field-Tested)	2788	2788	32
2026-07-05T23:00:00.000Z	AWP | Atheris (Field-Tested)	2912	2912	26
2026-07-05T23:00:00.000Z	AWP | Duality (Field-Tested)	2145	2145	39
2026-07-05T23:00:00.000Z	AWP | Fever Dream (Field-Tested)	8012	8012	4
2026-07-05T23:00:00.000Z	AWP | Mortis (Field-Tested)	2427	2427	18
2026-07-05T23:00:00.000Z	Desert Eagle | Kumicho Dragon (Field-Tested)	12822	12822	1
2026-07-05T23:00:00.000Z	Desert Eagle | Mecha Industries (Field-Tested)	3481	3481	9
2026-07-05T23:00:00.000Z	Glock-18 | Vogue (Field-Tested)	2275	2275	19
2026-07-05T23:00:00.000Z	Glock-18 | Water Elemental (Field-Tested)	11906	11906	3
2026-07-05T23:00:00.000Z	M4A1-S | Basilisk (Field-Tested)	5152	5152	1
2026-07-05T23:00:00.000Z	M4A1-S | Decimator (Field-Tested)	8069	8069	6
2026-07-05T23:00:00.000Z	M4A1-S | Nightmare (Field-Tested)	6133	6133	8
2026-07-05T23:00:00.000Z	M4A4 | Desolate Space (Field-Tested)	9178	9178	6
2026-07-05T23:00:00.000Z	M4A4 | Evil Daimyo (Field-Tested)	2468	2468	13
2026-07-05T23:00:00.000Z	USP-S | Cortex (Field-Tested)	2336	2336	13
2026-07-06T20:00:00.000Z	SG 553 | Cyrex (Field-Tested)	2621	2621	1
2026-07-06T22:00:00.000Z	AWP | Fever Dream (Field-Tested)	7598	7598	3
2026-07-06T23:00:00.000Z	AK-47 | Blue Laminate (Field-Tested)	9767	9767	1
2026-07-06T23:00:00.000Z	AK-47 | Elite Build (Field-Tested)	1136	1136	18
2026-07-06T23:00:00.000Z	AK-47 | Emerald Pinstripe (Field-Tested)	1480	1480	1
2026-07-06T23:00:00.000Z	AK-47 | Frontside Misty (Field-Tested)	10628	10628	2
2026-07-06T23:00:00.000Z	AK-47 | Phantom Disruptor (Field-Tested)	3301	3301	19
2026-07-06T23:00:00.000Z	AK-47 | Point Disarray (Field-Tested)	8885	8885	5
2026-07-06T23:00:00.000Z	AK-47 | Redline (Field-Tested)	18962	18962	3
2026-07-06T23:00:00.000Z	AK-47 | Slate (Field-Tested)	2795	2795	30
2026-07-06T23:00:00.000Z	AWP | Atheris (Field-Tested)	2892	2892	25
2026-07-06T23:00:00.000Z	AWP | Duality (Field-Tested)	2132	2132	19
2026-07-06T23:00:00.000Z	AWP | Mortis (Field-Tested)	2246	2246	13
2026-07-06T23:00:00.000Z	Desert Eagle | Kumicho Dragon (Field-Tested)	12345	12345	6
2026-07-06T23:00:00.000Z	Desert Eagle | Mecha Industries (Field-Tested)	3319	3319	5
2026-07-06T23:00:00.000Z	Glock-18 | Vogue (Field-Tested)	2431	2431	22
2026-07-06T23:00:00.000Z	Glock-18 | Water Elemental (Field-Tested)	12236	12236	1
2026-07-06T23:00:00.000Z	M4A1-S | Basilisk (Field-Tested)	4858	4858	3
2026-07-06T23:00:00.000Z	M4A1-S | Decimator (Field-Tested)	8063	8063	6
2026-07-06T23:00:00.000Z	M4A1-S | Nightmare (Field-Tested)	5955	5955	3
2026-07-06T23:00:00.000Z	M4A4 | Desolate Space (Field-Tested)	9266	9266	8
2026-07-06T23:00:00.000Z	M4A4 | Evil Daimyo (Field-Tested)	2374	2374	7
2026-07-06T23:00:00.000Z	P250 | Asiimov (Field-Tested)	7642	7642	2
2026-07-06T23:00:00.000Z	Tec-9 | Fuel Injector (Field-Tested)	7123	7123	1
2026-07-06T23:00:00.000Z	USP-S | Cortex (Field-Tested)	2390	2390	14
2026-07-07T22:00:00.000Z	SG 553 | Cyrex (Field-Tested)	2191	2191	1
2026-07-07T23:00:00.000Z	AK-47 | Blue Laminate (Field-Tested)	9743	9743	1
2026-07-07T23:00:00.000Z	AK-47 | Elite Build (Field-Tested)	1175	1175	16
2026-07-07T23:00:00.000Z	AK-47 | Emerald Pinstripe (Field-Tested)	1551	1551	2
2026-07-07T23:00:00.000Z	AK-47 | Frontside Misty (Field-Tested)	10172	10172	5
2026-07-07T23:00:00.000Z	AK-47 | Phantom Disruptor (Field-Tested)	3444	3444	10
2026-07-07T23:00:00.000Z	AK-47 | Point Disarray (Field-Tested)	8677	8677	6
2026-07-07T23:00:00.000Z	AK-47 | Redline (Field-Tested)	20330	20330	1
2026-07-07T23:00:00.000Z	AK-47 | Slate (Field-Tested)	2792	2792	34
2026-07-07T23:00:00.000Z	AWP | Atheris (Field-Tested)	2995	2995	9
2026-07-07T23:00:00.000Z	AWP | Duality (Field-Tested)	2132	2132	33
2026-07-07T23:00:00.000Z	AWP | Fever Dream (Field-Tested)	7996	7996	1
2026-07-07T23:00:00.000Z	AWP | Mortis (Field-Tested)	2298	2298	6
2026-07-07T23:00:00.000Z	Desert Eagle | Kumicho Dragon (Field-Tested)	12414	12414	4
2026-07-07T23:00:00.000Z	Desert Eagle | Mecha Industries (Field-Tested)	3429	3429	10
2026-07-07T23:00:00.000Z	Glock-18 | Vogue (Field-Tested)	2336	2336	17
2026-07-07T23:00:00.000Z	Glock-18 | Water Elemental (Field-Tested)	12138	12138	2
2026-07-07T23:00:00.000Z	M4A1-S | Basilisk (Field-Tested)	4913	4913	2
2026-07-07T23:00:00.000Z	M4A1-S | Decimator (Field-Tested)	8064	8064	3
2026-07-07T23:00:00.000Z	M4A1-S | Nightmare (Field-Tested)	6150	6150	3
2026-07-07T23:00:00.000Z	M4A4 | Desolate Space (Field-Tested)	8643	8643	6
2026-07-07T23:00:00.000Z	M4A4 | Evil Daimyo (Field-Tested)	2402	2402	3
2026-07-07T23:00:00.000Z	P250 | Asiimov (Field-Tested)	7792	7792	1
2026-07-07T23:00:00.000Z	Tec-9 | Fuel Injector (Field-Tested)	7100	7100	1
2026-07-07T23:00:00.000Z	USP-S | Cortex (Field-Tested)	2325	2325	4
2026-07-08T21:00:00.000Z	AK-47 | Blue Laminate (Field-Tested)	9788	9788	4
2026-07-08T22:00:00.000Z	AK-47 | Frontside Misty (Field-Tested)	10676	10676	9
2026-07-08T22:00:00.000Z	AWP | Fever Dream (Field-Tested)	7859	7859	6
2026-07-08T23:00:00.000Z	AK-47 | Elite Build (Field-Tested)	1194	1194	23
2026-07-08T23:00:00.000Z	AK-47 | Emerald Pinstripe (Field-Tested)	1484	1484	2
2026-07-08T23:00:00.000Z	AK-47 | Phantom Disruptor (Field-Tested)	3342	3342	10
2026-07-08T23:00:00.000Z	AK-47 | Point Disarray (Field-Tested)	9551	9551	4
2026-07-08T23:00:00.000Z	AK-47 | Redline (Field-Tested)	19822	19822	5
2026-07-08T23:00:00.000Z	AK-47 | Slate (Field-Tested)	2764	2764	21
2026-07-08T23:00:00.000Z	AWP | Atheris (Field-Tested)	3035	3035	10
2026-07-08T23:00:00.000Z	AWP | Duality (Field-Tested)	2118	2118	21
2026-07-08T23:00:00.000Z	AWP | Mortis (Field-Tested)	2241	2241	7
2026-07-08T23:00:00.000Z	Desert Eagle | Kumicho Dragon (Field-Tested)	10963	10963	2
2026-07-08T23:00:00.000Z	Desert Eagle | Mecha Industries (Field-Tested)	3507	3507	9
2026-07-08T23:00:00.000Z	Glock-18 | Vogue (Field-Tested)	2270	2270	12
2026-07-08T23:00:00.000Z	Glock-18 | Water Elemental (Field-Tested)	12134	12134	3
2026-07-08T23:00:00.000Z	M4A1-S | Basilisk (Field-Tested)	4882	4882	2
2026-07-08T23:00:00.000Z	M4A1-S | Decimator (Field-Tested)	8267	8267	4
2026-07-08T23:00:00.000Z	M4A1-S | Nightmare (Field-Tested)	6114	6114	4
2026-07-08T23:00:00.000Z	M4A4 | Desolate Space (Field-Tested)	8644	8644	5
2026-07-08T23:00:00.000Z	M4A4 | Evil Daimyo (Field-Tested)	2303	2303	5
2026-07-08T23:00:00.000Z	P250 | Asiimov (Field-Tested)	7456	7456	1
2026-07-08T23:00:00.000Z	SG 553 | Cyrex (Field-Tested)	4033	4033	1
2026-07-08T23:00:00.000Z	Tec-9 | Fuel Injector (Field-Tested)	7033	7033	1
2026-07-08T23:00:00.000Z	USP-S | Cortex (Field-Tested)	2289	2289	8
2026-07-09T20:00:00.000Z	SG 553 | Cyrex (Field-Tested)	4043	4043	1
2026-07-09T22:00:00.000Z	AK-47 | Blue Laminate (Field-Tested)	9626	9626	3
2026-07-09T22:00:00.000Z	M4A1-S | Basilisk (Field-Tested)	4747	4747	2
2026-07-09T22:00:00.000Z	Tec-9 | Fuel Injector (Field-Tested)	7242	7242	3
2026-07-09T23:00:00.000Z	AK-47 | Elite Build (Field-Tested)	1334	1334	15
2026-07-09T23:00:00.000Z	AK-47 | Emerald Pinstripe (Field-Tested)	1591	1591	3
2026-07-09T23:00:00.000Z	AK-47 | Frontside Misty (Field-Tested)	9849	9849	4
2026-07-09T23:00:00.000Z	AK-47 | Phantom Disruptor (Field-Tested)	3372	3372	11
2026-07-09T23:00:00.000Z	AK-47 | Point Disarray (Field-Tested)	8814	8814	9
2026-07-09T23:00:00.000Z	AK-47 | Redline (Field-Tested)	19347	19347	1
2026-07-09T23:00:00.000Z	AK-47 | Slate (Field-Tested)	2898	2898	22
2026-07-09T23:00:00.000Z	AWP | Atheris (Field-Tested)	2964	2964	13
2026-07-09T23:00:00.000Z	AWP | Duality (Field-Tested)	2125	2125	14
2026-07-09T23:00:00.000Z	AWP | Fever Dream (Field-Tested)	8119	8119	4
2026-07-09T23:00:00.000Z	AWP | Mortis (Field-Tested)	2346	2346	4
2026-07-09T23:00:00.000Z	Desert Eagle | Kumicho Dragon (Field-Tested)	11849	11849	2
2026-07-09T23:00:00.000Z	Desert Eagle | Mecha Industries (Field-Tested)	3841	3841	5
2026-07-09T23:00:00.000Z	Glock-18 | Vogue (Field-Tested)	2431	2431	8
2026-07-09T23:00:00.000Z	Glock-18 | Water Elemental (Field-Tested)	11511	11511	3
2026-07-09T23:00:00.000Z	M4A1-S | Decimator (Field-Tested)	7558	7558	1
2026-07-09T23:00:00.000Z	M4A1-S | Nightmare (Field-Tested)	5699	5699	6
2026-07-09T23:00:00.000Z	M4A4 | Desolate Space (Field-Tested)	8739	8739	7
2026-07-09T23:00:00.000Z	M4A4 | Evil Daimyo (Field-Tested)	2307	2307	9
2026-07-09T23:00:00.000Z	P250 | Asiimov (Field-Tested)	7009	7009	3
2026-07-09T23:00:00.000Z	USP-S | Cortex (Field-Tested)	2324	2324	12
2026-07-10T22:00:00.000Z	Glock-18 | Water Elemental (Field-Tested)	10683	10683	2
2026-07-10T22:00:00.000Z	SG 553 | Cyrex (Field-Tested)	2845	2845	1
2026-07-10T23:00:00.000Z	AK-47 | Blue Laminate (Field-Tested)	122952	122952	1
2026-07-10T23:00:00.000Z	AK-47 | Elite Build (Field-Tested)	1273	1273	21
2026-07-10T23:00:00.000Z	AK-47 | Emerald Pinstripe (Field-Tested)	1667	1667	6
2026-07-10T23:00:00.000Z	AK-47 | Frontside Misty (Field-Tested)	10161	10161	4
2026-07-10T23:00:00.000Z	AK-47 | Phantom Disruptor (Field-Tested)	3423	3423	17
2026-07-10T23:00:00.000Z	AK-47 | Point Disarray (Field-Tested)	8620	8620	3
2026-07-10T23:00:00.000Z	AK-47 | Redline (Field-Tested)	20077	20077	2
2026-07-10T23:00:00.000Z	AK-47 | Slate (Field-Tested)	2816	2816	16
2026-07-10T23:00:00.000Z	AWP | Atheris (Field-Tested)	3111	3111	13
2026-07-10T23:00:00.000Z	AWP | Duality (Field-Tested)	2141	2141	34
2026-07-10T23:00:00.000Z	AWP | Fever Dream (Field-Tested)	9347	9347	1
2026-07-10T23:00:00.000Z	AWP | Mortis (Field-Tested)	2194	2194	15
2026-07-10T23:00:00.000Z	Desert Eagle | Kumicho Dragon (Field-Tested)	12232	12232	1
2026-07-10T23:00:00.000Z	Desert Eagle | Mecha Industries (Field-Tested)	3416	3416	15
2026-07-10T23:00:00.000Z	Glock-18 | Vogue (Field-Tested)	2598	2598	19
2026-07-10T23:00:00.000Z	M4A1-S | Basilisk (Field-Tested)	4922	4922	2
2026-07-10T23:00:00.000Z	M4A1-S | Decimator (Field-Tested)	8068	8068	5
2026-07-10T23:00:00.000Z	M4A1-S | Nightmare (Field-Tested)	6399	6399	3
2026-07-10T23:00:00.000Z	M4A4 | Desolate Space (Field-Tested)	8453	8453	9
2026-07-10T23:00:00.000Z	M4A4 | Evil Daimyo (Field-Tested)	2097	2097	8
2026-07-10T23:00:00.000Z	P250 | Asiimov (Field-Tested)	7417	7417	1
2026-07-10T23:00:00.000Z	Tec-9 | Fuel Injector (Field-Tested)	7081	7081	2
2026-07-10T23:00:00.000Z	USP-S | Cortex (Field-Tested)	2322	2322	16
2026-07-11T22:00:00.000Z	SG 553 | Cyrex (Field-Tested)	8027	8027	1
2026-07-11T22:00:00.000Z	Tec-9 | Fuel Injector (Field-Tested)	7272	7272	2
2026-07-11T23:00:00.000Z	AK-47 | Blue Laminate (Field-Tested)	9037	9037	1
2026-07-11T23:00:00.000Z	AK-47 | Elite Build (Field-Tested)	1347	1347	14
2026-07-11T23:00:00.000Z	AK-47 | Emerald Pinstripe (Field-Tested)	1752	1752	5
2026-07-11T23:00:00.000Z	AK-47 | Frontside Misty (Field-Tested)	10987	10987	2
2026-07-11T23:00:00.000Z	AK-47 | Phantom Disruptor (Field-Tested)	3467	3467	7
2026-07-11T23:00:00.000Z	AK-47 | Point Disarray (Field-Tested)	8794	8794	7
2026-07-11T23:00:00.000Z	AK-47 | Redline (Field-Tested)	20404	20404	2
2026-07-11T23:00:00.000Z	AK-47 | Slate (Field-Tested)	2792	2792	17
2026-07-11T23:00:00.000Z	AWP | Atheris (Field-Tested)	3095	3095	9
2026-07-11T23:00:00.000Z	AWP | Duality (Field-Tested)	2138	2138	21
2026-07-11T23:00:00.000Z	AWP | Fever Dream (Field-Tested)	7392	7392	2
2026-07-11T23:00:00.000Z	AWP | Mortis (Field-Tested)	2238	2238	13
2026-07-11T23:00:00.000Z	Desert Eagle | Kumicho Dragon (Field-Tested)	12157	12157	3
2026-07-11T23:00:00.000Z	Desert Eagle | Mecha Industries (Field-Tested)	3699	3699	7
2026-07-11T23:00:00.000Z	Glock-18 | Vogue (Field-Tested)	2361	2361	9
2026-07-11T23:00:00.000Z	Glock-18 | Water Elemental (Field-Tested)	11469	11469	1
2026-07-11T23:00:00.000Z	M4A1-S | Basilisk (Field-Tested)	4939	4939	1
2026-07-11T23:00:00.000Z	M4A1-S | Decimator (Field-Tested)	8439	8439	2
2026-07-11T23:00:00.000Z	M4A1-S | Nightmare (Field-Tested)	6235	6235	3
2026-07-11T23:00:00.000Z	M4A4 | Desolate Space (Field-Tested)	8596	8596	9
2026-07-11T23:00:00.000Z	M4A4 | Evil Daimyo (Field-Tested)	2321	2321	3
2026-07-11T23:00:00.000Z	P250 | Asiimov (Field-Tested)	7665	7665	1
2026-07-11T23:00:00.000Z	USP-S | Cortex (Field-Tested)	2409	2409	12
2026-07-12T22:00:00.000Z	M4A1-S | Basilisk (Field-Tested)	5010	5010	1
2026-07-12T22:00:00.000Z	SG 553 | Cyrex (Field-Tested)	2583	2583	1
2026-07-12T23:00:00.000Z	AK-47 | Blue Laminate (Field-Tested)	9379	9379	4
2026-07-12T23:00:00.000Z	AK-47 | Elite Build (Field-Tested)	1296	1296	15
2026-07-12T23:00:00.000Z	AK-47 | Emerald Pinstripe (Field-Tested)	1751	1751	3
2026-07-12T23:00:00.000Z	AK-47 | Frontside Misty (Field-Tested)	10584	10584	3
2026-07-12T23:00:00.000Z	AK-47 | Phantom Disruptor (Field-Tested)	3469	3469	15
2026-07-12T23:00:00.000Z	AK-47 | Point Disarray (Field-Tested)	8054	8054	3
2026-07-12T23:00:00.000Z	AK-47 | Redline (Field-Tested)	19174	19174	2
2026-07-12T23:00:00.000Z	AK-47 | Slate (Field-Tested)	2835	2835	25
2026-07-12T23:00:00.000Z	AWP | Atheris (Field-Tested)	2985	2985	13
2026-07-12T23:00:00.000Z	AWP | Duality (Field-Tested)	2118	2118	15
2026-07-12T23:00:00.000Z	AWP | Fever Dream (Field-Tested)	7710	7710	3
2026-07-12T23:00:00.000Z	AWP | Mortis (Field-Tested)	2260	2260	12
2026-07-12T23:00:00.000Z	Desert Eagle | Kumicho Dragon (Field-Tested)	12295	12295	3
2026-07-12T23:00:00.000Z	Desert Eagle | Mecha Industries (Field-Tested)	3480	3480	11
2026-07-12T23:00:00.000Z	Glock-18 | Vogue (Field-Tested)	2333	2333	13
2026-07-12T23:00:00.000Z	Glock-18 | Water Elemental (Field-Tested)	11872	11872	3
2026-07-12T23:00:00.000Z	M4A1-S | Decimator (Field-Tested)	7880	7880	7
2026-07-12T23:00:00.000Z	M4A1-S | Nightmare (Field-Tested)	6275	6275	4
2026-07-12T23:00:00.000Z	M4A4 | Desolate Space (Field-Tested)	8434	8434	5
2026-07-12T23:00:00.000Z	M4A4 | Evil Daimyo (Field-Tested)	2239	2239	4
2026-07-12T23:00:00.000Z	P250 | Asiimov (Field-Tested)	7311	7311	2
2026-07-12T23:00:00.000Z	Tec-9 | Fuel Injector (Field-Tested)	7189	7189	2
2026-07-12T23:00:00.000Z	USP-S | Cortex (Field-Tested)	2474	2474	14
2026-07-13T22:00:00.000Z	AWP | Fever Dream (Field-Tested)	7494	7494	1
2026-07-13T22:00:00.000Z	P250 | Asiimov (Field-Tested)	7318	7318	3
2026-07-13T22:00:00.000Z	Tec-9 | Fuel Injector (Field-Tested)	6929	6929	2
2026-07-13T23:00:00.000Z	AK-47 | Blue Laminate (Field-Tested)	9294	9294	6
2026-07-13T23:00:00.000Z	AK-47 | Elite Build (Field-Tested)	1312	1312	11
2026-07-13T23:00:00.000Z	AK-47 | Emerald Pinstripe (Field-Tested)	1671	1671	4
2026-07-13T23:00:00.000Z	AK-47 | Frontside Misty (Field-Tested)	11644	11644	4
2026-07-13T23:00:00.000Z	AK-47 | Phantom Disruptor (Field-Tested)	3633	3633	8
2026-07-13T23:00:00.000Z	AK-47 | Point Disarray (Field-Tested)	9153	9153	3
2026-07-13T23:00:00.000Z	AK-47 | Redline (Field-Tested)	19568	19568	6
2026-07-13T23:00:00.000Z	AK-47 | Slate (Field-Tested)	2932	2932	18
2026-07-13T23:00:00.000Z	AWP | Atheris (Field-Tested)	3139	3139	7
2026-07-13T23:00:00.000Z	AWP | Duality (Field-Tested)	2161	2161	19
2026-07-13T23:00:00.000Z	AWP | Mortis (Field-Tested)	2199	2199	7
2026-07-13T23:00:00.000Z	Desert Eagle | Kumicho Dragon (Field-Tested)	12326	12326	1
2026-07-13T23:00:00.000Z	Desert Eagle | Mecha Industries (Field-Tested)	3773	3773	4
2026-07-13T23:00:00.000Z	Glock-18 | Vogue (Field-Tested)	2408	2408	12
2026-07-13T23:00:00.000Z	Glock-18 | Water Elemental (Field-Tested)	11392	11392	1
2026-07-13T23:00:00.000Z	M4A1-S | Basilisk (Field-Tested)	4868	4868	2
2026-07-13T23:00:00.000Z	M4A1-S | Decimator (Field-Tested)	8057	8057	6
2026-07-13T23:00:00.000Z	M4A1-S | Nightmare (Field-Tested)	6511	6511	3
2026-07-13T23:00:00.000Z	M4A4 | Desolate Space (Field-Tested)	8553	8553	9
2026-07-13T23:00:00.000Z	M4A4 | Evil Daimyo (Field-Tested)	2366	2366	6
2026-07-13T23:00:00.000Z	SG 553 | Cyrex (Field-Tested)	2897	2897	1
2026-07-13T23:00:00.000Z	USP-S | Cortex (Field-Tested)	2501	2501	7
2026-07-14T17:00:00.000Z	M4A1-S | Basilisk (Field-Tested)	4868	4868	4
2026-07-14T17:00:00.000Z	SG 553 | Cyrex (Field-Tested)	2693	2693	1
2026-07-14T17:29:53.2096111+00:00	AK-47 | Redline (Field-Tested)	20431	20790.8	74
2026-07-14T17:29:59.4742246+00:00	AK-47 | Blue Laminate (Field-Tested)	9906	9675.5	45
2026-07-14T17:30:05.6496718+00:00	AK-47 | Frontside Misty (Field-Tested)	10699	11519.81	85
2026-07-14T17:30:11.8516053+00:00	AK-47 | Point Disarray (Field-Tested)	8524	8542.09	110
2026-07-14T17:30:18.0637416+00:00	AK-47 | Phantom Disruptor (Field-Tested)	3430	3419.23	275
2026-07-14T17:30:28.5234828+00:00	AK-47 | Slate (Field-Tested)	2744.38	2744.38	531
2026-07-14T17:30:34.7382506+00:00	AK-47 | Emerald Pinstripe (Field-Tested)	1744	1683.99	112
2026-07-14T17:30:40.8873660+00:00	AK-47 | Elite Build (Field-Tested)	1220	1210.67	336
2026-07-14T17:30:51.3463318+00:00	M4A4 | Desolate Space (Field-Tested)	8997.66	8997.66	99
2026-07-14T17:30:57.5128504+00:00	M4A1-S | Decimator (Field-Tested)	7919	7939.15	96
2026-07-14T17:31:03.6685366+00:00	M4A1-S | Basilisk (Field-Tested)	4884	4867.65	54
2026-07-14T17:31:14.0119804+00:00	M4A1-S | Nightmare (Field-Tested)	5760.45	5760.45	102
2026-07-14T17:31:20.1637680+00:00	M4A4 | Evil Daimyo (Field-Tested)	2198	2230.78	116
2026-07-14T17:31:26.3389437+00:00	AWP | Fever Dream (Field-Tested)	8271	7443.94	42
2026-07-14T17:31:32.5711780+00:00	AWP | Atheris (Field-Tested)	2963	3116.85	345
2026-07-14T17:31:38.7518696+00:00	AWP | Duality (Field-Tested)	2168	2160.77	397
2026-07-14T17:31:44.9529074+00:00	AWP | Mortis (Field-Tested)	2200	2186.67	215
2026-07-14T17:31:51.1455737+00:00	Desert Eagle | Kumicho Dragon (Field-Tested)	12534	12647.84	31
2026-07-14T17:31:57.3374426+00:00	Desert Eagle | Mecha Industries (Field-Tested)	3459	3611.19	180
2026-07-14T17:32:03.4743083+00:00	Glock-18 | Water Elemental (Field-Tested)	12568	12417.61	47
2026-07-14T17:32:09.6349003+00:00	Glock-18 | Vogue (Field-Tested)	2353	2375.52	275
2026-07-14T17:32:15.8151337+00:00	USP-S | Cortex (Field-Tested)	2405	2516.93	214
2026-07-14T17:32:21.9669280+00:00	P250 | Asiimov (Field-Tested)	7367	6879.31	31
2026-07-14T17:32:28.1533074+00:00	Tec-9 | Fuel Injector (Field-Tested)	7305	7443.82	16
2026-07-14T17:32:34.3438313+00:00	SG 553 | Cyrex (Field-Tested)	2850	2692.65	14
2026-07-14T17:53:00.6764215+00:00	AK-47 | Redline (Field-Tested)	20790.8	20790.8	74
2026-07-14T17:53:06.9252785+00:00	AK-47 | Blue Laminate (Field-Tested)	9693	9675.5	45
2026-07-14T17:53:13.0221926+00:00	AK-47 | Frontside Misty (Field-Tested)	10497	11519.81	85
2026-07-14T17:53:19.1595447+00:00	AK-47 | Point Disarray (Field-Tested)	8524	8542.09	110
2026-07-14T17:53:25.2804029+00:00	AK-47 | Phantom Disruptor (Field-Tested)	3494	3419.23	275
2026-07-14T17:53:31.4128970+00:00	AK-47 | Slate (Field-Tested)	2826	2744.38	531
2026-07-14T17:53:37.5294368+00:00	AK-47 | Emerald Pinstripe (Field-Tested)	1694	1683.99	112
2026-07-14T17:53:43.7155695+00:00	AK-47 | Elite Build (Field-Tested)	1198	1210.67	336
2026-07-14T17:53:49.8308655+00:00	M4A4 | Desolate Space (Field-Tested)	8775	8997.66	99
2026-07-14T17:53:55.9499031+00:00	M4A1-S | Decimator (Field-Tested)	8300	7939.15	96
2026-07-14T17:54:02.0499044+00:00	M4A1-S | Basilisk (Field-Tested)	4873	4867.65	54
2026-07-14T17:54:08.2919236+00:00	M4A1-S | Nightmare (Field-Tested)	5883	5760.45	102
2026-07-14T17:54:14.4011919+00:00	M4A4 | Evil Daimyo (Field-Tested)	2192	2230.78	116
2026-07-14T17:54:20.6425595+00:00	AWP | Fever Dream (Field-Tested)	8259	7443.94	42
2026-07-14T17:54:26.7517854+00:00	AWP | Atheris (Field-Tested)	3000	3116.85	345
2026-07-14T17:54:32.9228729+00:00	AWP | Duality (Field-Tested)	2168	2160.77	397
2026-07-14T17:54:39.0523136+00:00	AWP | Mortis (Field-Tested)	2229	2186.67	215
2026-07-14T17:54:45.1859434+00:00	Desert Eagle | Kumicho Dragon (Field-Tested)	12534	12647.84	31
2026-07-14T17:54:55.3937046+00:00	Desert Eagle | Mecha Industries (Field-Tested)	3611.19	3611.19	180
2026-07-14T17:55:01.5123152+00:00	Glock-18 | Water Elemental (Field-Tested)	12568	12417.61	47
2026-07-14T17:55:07.6299708+00:00	Glock-18 | Vogue (Field-Tested)	2366	2375.52	275
2026-07-14T17:55:13.7431700+00:00	USP-S | Cortex (Field-Tested)	2459	2516.93	214
2026-07-14T17:55:23.9656400+00:00	P250 | Asiimov (Field-Tested)	6879.31	6879.31	31
2026-07-14T17:55:30.1064286+00:00	Tec-9 | Fuel Injector (Field-Tested)	7305	7443.82	16
2026-07-14T17:55:36.2126903+00:00	SG 553 | Cyrex (Field-Tested)	2850	2692.65	14
2026-07-14T18:00:00.000Z	M4A4 | Evil Daimyo (Field-Tested)	2170	2170	7
2026-07-14T18:00:00.000Z	Tec-9 | Fuel Injector (Field-Tested)	6354	6354	1
2026-07-14T18:05:07.1462695+00:00	AK-47 | Redline (Field-Tested)	19811	20790.8	74
2026-07-14T18:05:13.5047866+00:00	AK-47 | Blue Laminate (Field-Tested)	9906	9675.5	45
2026-07-14T18:05:19.6884220+00:00	AK-47 | Frontside Misty (Field-Tested)	9967	11519.81	85
2026-07-14T18:05:26.0447054+00:00	AK-47 | Point Disarray (Field-Tested)	8524	8542.09	110
2026-07-14T18:05:36.3502511+00:00	AK-47 | Phantom Disruptor (Field-Tested)	3419.23	3419.23	275
2026-07-14T18:05:42.5209344+00:00	AK-47 | Slate (Field-Tested)	2770	2744.38	531
2026-07-14T18:05:48.6778804+00:00	AK-47 | Emerald Pinstripe (Field-Tested)	1694	1683.99	112
2026-07-14T18:05:54.8230751+00:00	AK-47 | Elite Build (Field-Tested)	1197	1210.67	336
2026-07-14T18:06:01.0143327+00:00	M4A4 | Desolate Space (Field-Tested)	8732	8997.66	99
2026-07-14T18:06:07.1715752+00:00	M4A1-S | Decimator (Field-Tested)	8300	7939.15	96
2026-07-14T18:06:13.3323872+00:00	M4A1-S | Basilisk (Field-Tested)	4873	4867.65	54
2026-07-14T18:06:19.4987185+00:00	M4A1-S | Nightmare (Field-Tested)	5883	5760.45	102
2026-07-14T18:06:25.6949919+00:00	M4A4 | Evil Daimyo (Field-Tested)	2192	2230.78	116
2026-07-14T18:06:31.9173317+00:00	AWP | Fever Dream (Field-Tested)	8224	7443.94	42
2026-07-14T18:06:38.1149328+00:00	AWP | Atheris (Field-Tested)	3004	3116.85	345
2026-07-14T18:06:44.2878259+00:00	AWP | Duality (Field-Tested)	2168	2160.77	397
2026-07-14T18:06:50.4093049+00:00	AWP | Mortis (Field-Tested)	2233	2186.67	215
2026-07-14T18:06:56.6105812+00:00	Desert Eagle | Kumicho Dragon (Field-Tested)	12534	12647.84	31
2026-07-14T18:07:07.0158545+00:00	Desert Eagle | Mecha Industries (Field-Tested)	3611.19	3611.19	180
2026-07-14T18:07:17.4094413+00:00	Glock-18 | Water Elemental (Field-Tested)	12417.61	12417.61	47
2026-07-14T18:07:23.6470648+00:00	Glock-18 | Vogue (Field-Tested)	2339	2375.52	275
2026-07-14T18:07:29.8402096+00:00	USP-S | Cortex (Field-Tested)	2458	2516.93	214
2026-07-14T18:07:36.0691091+00:00	P250 | Asiimov (Field-Tested)	7367	6879.31	31
2026-07-14T18:07:42.2547588+00:00	Tec-9 | Fuel Injector (Field-Tested)	7305	7443.82	16
2026-07-14T18:07:48.4284476+00:00	SG 553 | Cyrex (Field-Tested)	2850	2692.65	14
2026-07-14T18:20:12.5581899+00:00	AK-47 | Redline (Field-Tested)	20249	20790.8	73
2026-07-14T18:20:18.6821803+00:00	AK-47 | Blue Laminate (Field-Tested)	9906	8712.16	47
2026-07-14T18:20:24.7777164+00:00	AK-47 | Frontside Misty (Field-Tested)	10699	10295.67	86
2026-07-14T18:20:30.8937847+00:00	AK-47 | Point Disarray (Field-Tested)	8524	8462.59	110
2026-07-14T18:20:37.0284487+00:00	AK-47 | Phantom Disruptor (Field-Tested)	3493	3419.23	286
2026-07-14T18:20:43.1249501+00:00	AK-47 | Slate (Field-Tested)	2775	2849.36	538
2026-07-14T18:20:49.2154270+00:00	AK-47 | Emerald Pinstripe (Field-Tested)	1694	1744.01	112
2026-07-14T18:20:55.3101554+00:00	AK-47 | Elite Build (Field-Tested)	1286	1184.43	336
2026-07-14T18:21:01.4634524+00:00	M4A4 | Desolate Space (Field-Tested)	8775	8997.66	99
2026-07-14T18:21:07.5820253+00:00	M4A1-S | Decimator (Field-Tested)	8380	7896.81	99
2026-07-14T18:21:13.7025877+00:00	M4A1-S | Basilisk (Field-Tested)	4873	4867.65	54
2026-07-14T18:21:19.8031625+00:00	M4A1-S | Nightmare (Field-Tested)	5883	5855.43	103
2026-07-14T18:21:25.9020501+00:00	M4A4 | Evil Daimyo (Field-Tested)	2197	2170.26	121
2026-07-14T18:21:32.0279813+00:00	AWP | Fever Dream (Field-Tested)	8204	7443.94	40
2026-07-14T18:21:38.1426413+00:00	AWP | Atheris (Field-Tested)	2851	2956.85	345
2026-07-14T18:21:44.2556437+00:00	AWP | Duality (Field-Tested)	2165	2137.02	400
2026-07-14T18:21:50.4283647+00:00	AWP | Mortis (Field-Tested)	2235	2180.01	224
2026-07-14T18:22:00.6233554+00:00	Desert Eagle | Kumicho Dragon (Field-Tested)	11872.32	11872.32	30
2026-07-14T18:22:06.7204209+00:00	Desert Eagle | Mecha Industries (Field-Tested)	3436	3423.98	189
2026-07-14T18:22:12.8366958+00:00	Glock-18 | Water Elemental (Field-Tested)	12213	12417.61	46
2026-07-14T18:22:18.9523515+00:00	Glock-18 | Vogue (Field-Tested)	2326	2298.48	284
2026-07-14T18:22:25.0481032+00:00	USP-S | Cortex (Field-Tested)	2415	2445.01	217
2026-07-14T18:22:31.3708278+00:00	P250 | Asiimov (Field-Tested)	7367	6058.1	31
2026-07-14T18:22:37.4878537+00:00	Tec-9 | Fuel Injector (Field-Tested)	7305	6354.07	17
2026-07-14T18:22:43.5942729+00:00	SG 553 | Cyrex (Field-Tested)	2850	2692.65	14
2026-07-14T19:00:00.000Z	AK-47 | Blue Laminate (Field-Tested)	9688	9688	1
2026-07-14T19:00:00.000Z	AK-47 | Elite Build (Field-Tested)	1284	1284	25
2026-07-14T19:00:00.000Z	AK-47 | Emerald Pinstripe (Field-Tested)	1747	1747	6
2026-07-14T19:00:00.000Z	AK-47 | Frontside Misty (Field-Tested)	9973	9973	7
2026-07-14T19:00:00.000Z	AK-47 | Phantom Disruptor (Field-Tested)	3528	3528	27
2026-07-14T19:00:00.000Z	AK-47 | Point Disarray (Field-Tested)	8463	8463	5
2026-07-14T19:00:00.000Z	AK-47 | Redline (Field-Tested)	20075	20075	6
2026-07-14T19:00:00.000Z	AK-47 | Slate (Field-Tested)	2862	2862	30
2026-07-14T19:00:00.000Z	AWP | Atheris (Field-Tested)	3120	3120	23
2026-07-14T19:00:00.000Z	AWP | Duality (Field-Tested)	2156	2156	41
2026-07-14T19:00:00.000Z	AWP | Fever Dream (Field-Tested)	8212	8212	4
2026-07-14T19:00:00.000Z	AWP | Mortis (Field-Tested)	2227	2227	21
2026-07-14T19:00:00.000Z	Desert Eagle | Kumicho Dragon (Field-Tested)	12001	12001	4
2026-07-14T19:00:00.000Z	Desert Eagle | Mecha Industries (Field-Tested)	3405	3405	9
2026-07-14T19:00:00.000Z	Glock-18 | Vogue (Field-Tested)	2365	2365	26
2026-07-14T19:00:00.000Z	Glock-18 | Water Elemental (Field-Tested)	11395	11395	5
2026-07-14T19:00:00.000Z	M4A1-S | Decimator (Field-Tested)	8672	8672	5
2026-07-14T19:00:00.000Z	M4A1-S | Nightmare (Field-Tested)	5874	5874	7
2026-07-14T19:00:00.000Z	M4A4 | Desolate Space (Field-Tested)	8771	8771	7
2026-07-14T19:00:00.000Z	P250 | Asiimov (Field-Tested)	7266	7266	1
2026-07-14T19:00:00.000Z	USP-S | Cortex (Field-Tested)	2438	2438	18
2026-07-14T19:02:11.4049616+00:00	AK-47 | Redline (Field-Tested)	20108	20790.8	73
2026-07-14T19:02:17.5309880+00:00	AK-47 | Blue Laminate (Field-Tested)	9900	8712.16	47
2026-07-14T19:02:23.6907554+00:00	AK-47 | Frontside Misty (Field-Tested)	9494	10295.67	86
2026-07-14T19:02:29.8048705+00:00	AK-47 | Point Disarray (Field-Tested)	8510	8462.59	110
2026-07-14T19:02:35.9714587+00:00	AK-47 | Phantom Disruptor (Field-Tested)	3759	3419.23	286
2026-07-14T19:02:42.1588813+00:00	AK-47 | Slate (Field-Tested)	3044	2849.36	538
2026-07-14T19:02:48.3132815+00:00	AK-47 | Emerald Pinstripe (Field-Tested)	1672	1744.01	112
2026-07-14T19:02:54.4280675+00:00	AK-47 | Elite Build (Field-Tested)	1323	1184.43	336
2026-07-14T19:03:04.6630600+00:00	M4A4 | Desolate Space (Field-Tested)	8997.66	8997.66	99
2026-07-14T19:03:10.8023812+00:00	M4A1-S | Decimator (Field-Tested)	8380	7896.81	99
2026-07-14T19:03:16.9107144+00:00	M4A1-S | Basilisk (Field-Tested)	4990	4867.65	54
2026-07-14T19:03:23.0341169+00:00	M4A1-S | Nightmare (Field-Tested)	5926	5855.43	103
2026-07-14T19:03:29.1809612+00:00	M4A4 | Evil Daimyo (Field-Tested)	2186	2170.26	121
2026-07-14T19:03:35.2870856+00:00	AWP | Fever Dream (Field-Tested)	8215	7443.94	40
2026-07-14T19:03:41.4209297+00:00	AWP | Atheris (Field-Tested)	3196	2956.85	345
2026-07-14T19:03:47.5484213+00:00	AWP | Duality (Field-Tested)	2164	2137.02	400
2026-07-14T19:03:57.7707363+00:00	AWP | Mortis (Field-Tested)	2180.01	2180.01	224
2026-07-14T19:04:03.8860709+00:00	Desert Eagle | Kumicho Dragon (Field-Tested)	12306	11872.32	30
2026-07-14T19:04:09.9901701+00:00	Desert Eagle | Mecha Industries (Field-Tested)	3430	3423.98	189
2026-07-14T19:04:16.1012212+00:00	Glock-18 | Water Elemental (Field-Tested)	12157	12417.61	46
2026-07-14T19:04:22.2274315+00:00	Glock-18 | Vogue (Field-Tested)	2496	2298.48	284
2026-07-14T19:04:28.3321736+00:00	USP-S | Cortex (Field-Tested)	2458	2445.01	217
2026-07-14T19:04:34.4682857+00:00	P250 | Asiimov (Field-Tested)	7367	6058.1	31
2026-07-14T19:04:40.5807860+00:00	Tec-9 | Fuel Injector (Field-Tested)	7128	6354.07	17
2026-07-14T19:04:46.7192513+00:00	SG 553 | Cyrex (Field-Tested)	2850	2692.65	14
